order_id,payment_sequential,payment_type,payment_installments,payment_value
25d9d697-9b9b-4059-8df9-73a44a0bd18d,1,upi,1,7358.09
164026a5-5e04-4a6e-a2dd-b8a402f3ac88,1,upi,1,9046.06
82f26b64-0416-4bef-a130-94344f03b332,1,voucher,4,5723.24
82f26b64-0416-4bef-a130-94344f03b332,2,voucher,5,1415.58
c2a4dc99-2afc-4833-923b-d110ec6b60d2,1,upi,4,7520.76
c2a4dc99-2afc-4833-923b-d110ec6b60d2,2,upi,5,4923.96
24ccdbe8-f999-416d-a87e-168599a9c48e,1,voucher,6,1241.12
24ccdbe8-f999-416d-a87e-168599a9c48e,2,voucher,6,4279.75
f9214e8c-a778-4def-ba41-48fee7c63fb0,1,debit_card,3,8171.28
37eb3438-297f-4818-ab99-f8512fb8ba5a,1,debit_card,3,12050.39
4556185f-fe2e-4994-aa41-b0617e139761,1,debit_card,5,7283.97
ad06dbde-7652-4a7a-b8d5-ded236fb6dd5,1,credit_card,6,8534.12
9d8476ae-6d5d-4991-9fc2-422551bf0981,1,debit_card,6,10743.17
35599c50-c710-4cbf-90ea-054eb8e98335,1,upi,1,8531.11
8303b13e-63dc-439f-81f9-2424b2077866,1,voucher,5,8483.08
8303b13e-63dc-439f-81f9-2424b2077866,2,debit_card,1,2523.83
c0074c62-5931-44e1-a240-7f8651f127c9,1,upi,6,4551.12
c0074c62-5931-44e1-a240-7f8651f127c9,2,debit_card,6,3000.12
70ba3ee8-53f1-43c5-a160-9c77e4798189,1,upi,4,4203.79
70ba3ee8-53f1-43c5-a160-9c77e4798189,2,debit_card,5,1076.63
652fc565-72ce-43ba-885c-89a5f7fa86e3,1,voucher,5,13115.89
aa7e4bd9-2656-4738-82c5-9c3d8abc4900,1,voucher,5,7525.22
92c29311-08fe-43a4-9d70-1fae18480f09,1,credit_card,2,8511.42
d8d5f6c8-7636-4fdc-8e94-b45f98d1c4ad,1,voucher,5,11942.54
f8c98ad8-5f85-4a01-aab2-8a6a0ba9327f,1,credit_card,3,728.52
f8c98ad8-5f85-4a01-aab2-8a6a0ba9327f,2,voucher,6,8047.65
176d1797-6d29-4ec4-86ba-74cc821463f7,1,credit_card,6,8407.6
04d7fdce-3fa8-4575-a134-7dc1987405f9,1,credit_card,6,10442.08
7da09ba0-905b-4a5b-9ee7-72c89f753c7b,1,debit_card,6,5992.78
7f9ed75d-2c87-4ac7-bbd5-e357c641a5da,1,voucher,4,6234.95
f5dd7acf-dbf1-4da3-9319-d74981c38207,1,upi,4,13364.2
f5dd7acf-dbf1-4da3-9319-d74981c38207,2,upi,6,1452.07
2dc1664c-adc6-4a69-a5b8-92914eb4bdf3,1,debit_card,5,9317.87
07ecc3cc-04f1-4ffe-96bc-d55a42239229,1,debit_card,3,709.99
07ecc3cc-04f1-4ffe-96bc-d55a42239229,2,upi,5,3297.6
52fd4c9b-b840-4eba-b279-a00678d01335,1,voucher,2,4541.76
52fd4c9b-b840-4eba-b279-a00678d01335,2,debit_card,1,1113.48
b4fe0d19-732c-4968-96db-516de34440ad,1,credit_card,6,9254.15
b4fe0d19-732c-4968-96db-516de34440ad,2,debit_card,5,451.48
56ea4728-5afe-4c2b-8ec7-4ac29373c401,1,credit_card,5,12050.17
d3ee5a56-8611-4560-995e-c9b6733e41be,1,voucher,6,9182.52
90945c1d-c4e1-4886-b948-d9a4b0f3b48b,1,upi,2,6884.65
349ec8ed-9eaf-4164-b426-679b5812ac28,1,upi,2,1954.85
349ec8ed-9eaf-4164-b426-679b5812ac28,2,credit_card,6,4463.5
ee6d63d4-532c-4697-bacd-20cea14af855,1,credit_card,3,10093.27
d18eb665-988c-4560-a746-33141cf14ad0,1,credit_card,4,7088.37
af522769-0e9e-46a6-b8fb-5f2735b62870,1,voucher,4,5347.4
af522769-0e9e-46a6-b8fb-5f2735b62870,2,voucher,6,2299.07
73f962dd-7a9f-4106-ae33-84918d3498b0,1,upi,3,11350.34
e21ac59d-870e-4eff-aed0-9d446ec389d3,1,credit_card,3,7285.85
0848f196-c939-42a7-8369-9704bde48614,1,upi,6,9800.18
726589b2-b78b-477e-8114-bd4b27d5c80f,1,debit_card,4,14632.18
2e3feda6-a6a7-44a6-b216-69f943d2f99f,1,upi,3,4264.14
0e586db6-0df3-4add-97e5-ebb94c037ef5,1,upi,2,6615.07
566fd480-4a94-4794-ba13-917d55b22eb3,1,credit_card,3,5920.11
1abbcb7c-782a-4c81-bfbe-f1d1e67928b1,1,credit_card,5,6590.45
970a8d5a-952b-428c-a630-c12fca797562,1,credit_card,5,10581.48
b502392f-566c-4c97-86dc-6b61a2b921b8,1,credit_card,6,9576.39
ca16af39-5363-44a6-bbb8-d4a6a4aa1caf,1,credit_card,2,4540.31
563aeb79-f534-4b94-9425-e88b41645239,1,credit_card,1,11363.84
106d0099-a651-4fe4-a15c-812198c904c3,1,voucher,3,10402.6
03b41a92-f4a3-43d6-9a6e-f35f30bbb768,1,debit_card,1,3771.73
05140b0a-c541-4321-896c-c1b3ab018264,1,upi,6,10282.82
216d000d-6a12-41e6-a685-af39cd360a73,1,voucher,2,4185.02
216d000d-6a12-41e6-a685-af39cd360a73,2,upi,3,3740.72
70b8c8be-a2c7-46b2-851c-02105b49ebe4,1,upi,5,1780.88
ea9c9f35-3343-48dd-8239-29440ac351de,1,upi,4,9704.72
e926d7e2-022c-4d36-8c88-538be861a9a3,1,upi,5,5364.46
e926d7e2-022c-4d36-8c88-538be861a9a3,2,upi,4,3357.64
ac763c27-17fe-4c24-85dc-9d69215f7abc,1,credit_card,5,10275.75
5082ae0c-5cd9-4d01-9ead-27d8cff2ccb8,1,debit_card,3,8518.98
483d476f-4f02-46f5-9bf3-cfb2bf02f49d,1,debit_card,6,5309.91
4553794d-4cbb-4508-bbbf-2371fa9a56a7,1,upi,1,12073.67
506e6151-3f5f-46c1-a7c8-16b8e3142927,1,upi,5,14860.39
6ea2cee1-6f75-46f8-8252-84ea37eab699,1,debit_card,4,13615.2
b5bf45e7-6e34-4511-903e-080e858f82f5,1,voucher,4,2279.82
b5bf45e7-6e34-4511-903e-080e858f82f5,2,credit_card,6,30.53
5d22505f-8706-48c4-ad10-aa3b55d9c14c,1,credit_card,3,5815.26
5d22505f-8706-48c4-ad10-aa3b55d9c14c,2,upi,3,4005.15
a598f7a7-a6ea-4455-8fbc-87939335fb64,1,upi,4,5793.1
c179522d-eafe-44a6-a8ca-691fb3af7085,1,voucher,1,13753.32
fdc0ae57-2a79-4a59-9750-e97e33523c2b,1,credit_card,4,7102.26
500faccd-a503-4de2-a247-c18d049c456c,1,credit_card,5,5115.14
500faccd-a503-4de2-a247-c18d049c456c,2,credit_card,6,6405.59
433d5532-72d9-4350-bdea-be59c37a2389,1,debit_card,5,3105.27
433d5532-72d9-4350-bdea-be59c37a2389,2,voucher,5,2031.02
434c57ef-785a-4aea-9734-b5ae898eca02,1,upi,3,3073.89
434c57ef-785a-4aea-9734-b5ae898eca02,2,debit_card,2,4753.74
7b204abe-57f9-4e7e-8776-57d8e29c6eec,1,upi,3,5376.22
7e5c4681-77ae-4e4b-a37c-e0ba9949d4ce,1,voucher,4,5319.53
7e5c4681-77ae-4e4b-a37c-e0ba9949d4ce,2,voucher,4,3083.56
8a2d1691-8788-4839-b92e-6764161cfab8,1,voucher,1,6840.78
3470aca2-2661-40bd-9a49-62d86917f3b3,1,credit_card,3,4220.49
cd992849-d73c-452e-8149-50ec64613266,1,voucher,5,8219.17
cd992849-d73c-452e-8149-50ec64613266,2,voucher,3,4545.09
3e8e89cb-5a8d-41be-8e53-a5d2d35fbc64,1,debit_card,6,3331.03
35dac57c-2261-4bb7-ac4b-f21a3402207f,1,credit_card,5,2781.84
35dac57c-2261-4bb7-ac4b-f21a3402207f,2,credit_card,2,812.7
19a9046a-1c49-428f-9937-61c1e7d55eb4,1,debit_card,5,15621.25
b2008949-6089-49aa-a137-bfd6d30a79f3,1,upi,6,701.75
b2008949-6089-49aa-a137-bfd6d30a79f3,2,debit_card,6,4551.83
b2eba7fb-8938-43f1-bf17-7ee826de9765,1,credit_card,1,8625.98
b1456663-13b3-4b34-9849-b1c9edfc7f0a,1,voucher,2,8564.28
0473173c-13f7-40c6-a842-3dc0988f5fcd,1,credit_card,6,5540.89
715c5a10-f425-4eb7-ac5a-274c8fe8c467,1,upi,5,9530.4
a6e524a9-16ad-42bb-bc0a-e931ebaffb97,1,credit_card,2,7884.7
8da895a7-721f-43df-affa-2d82cd1dbf7b,1,voucher,2,11274.22
d9f4ebf9-17d7-432c-af27-778cd4b8cb23,1,debit_card,1,9722.81
25c06a3d-d895-4706-87cf-fef046f382ab,1,upi,4,3888.93
25c06a3d-d895-4706-87cf-fef046f382ab,2,upi,5,4997.62
21a251b3-463d-44fc-a810-816fde2a3347,1,credit_card,1,7355.6
21a251b3-463d-44fc-a810-816fde2a3347,2,voucher,2,493.46
d566577c-2fe3-4f39-a072-d3fad00d825b,1,credit_card,3,5157.05
d566577c-2fe3-4f39-a072-d3fad00d825b,2,credit_card,2,10677.04
1d05b9ce-1741-46b9-bcc5-d2093c1265da,1,debit_card,2,4832.01
1d05b9ce-1741-46b9-bcc5-d2093c1265da,2,voucher,2,941.6
79fdcc67-0135-4522-9302-4f8fbdda2abe,1,voucher,1,7091.25
e0516b97-f109-430c-9192-f3b02f2ce890,1,upi,5,8782.76
dd13ab19-4a51-4a5e-938c-2d95c2e64cad,1,debit_card,4,6836.57
f8326444-8ff2-4f03-a7c7-ec05690c70f6,1,debit_card,2,5419.48
f8326444-8ff2-4f03-a7c7-ec05690c70f6,2,debit_card,4,5220.2
96473230-05f6-4668-9895-a5f92aa1189a,1,credit_card,4,7565.11
96473230-05f6-4668-9895-a5f92aa1189a,2,voucher,4,1275.53
b8fb5caf-26e8-4476-89c7-996375c3eeb6,1,upi,4,11750.3
35c5c070-b4b7-4971-94d5-25ed099f4b8c,1,credit_card,6,13928.2
1aeefde8-1498-4b89-9d31-35b17138af9c,1,voucher,1,990.67
1aeefde8-1498-4b89-9d31-35b17138af9c,2,voucher,2,11194.98
f8ff9e19-a55c-40af-87f5-51059d8dffb2,1,upi,1,2814.42
f8ff9e19-a55c-40af-87f5-51059d8dffb2,2,credit_card,1,4598.05
1b42ad87-52eb-484f-96c7-2f743d34c19f,1,voucher,1,6813.67
185447d1-f115-4ef9-aa04-171e4d6b1d2a,1,debit_card,2,6067.64
9738a2c3-58f6-45b0-9092-0852bfb5b3f7,1,debit_card,6,2535.43
9738a2c3-58f6-45b0-9092-0852bfb5b3f7,2,voucher,3,7862.45
8253d2b1-cb2e-4dff-a132-b8c3ec03d2a4,1,debit_card,3,619.68
8253d2b1-cb2e-4dff-a132-b8c3ec03d2a4,2,debit_card,1,5665.07
c154574b-4381-4b94-8e33-d1905a439fa7,1,voucher,2,6155.16
34cf8b03-f5ea-44b8-9e03-3d50d552a4b7,1,voucher,2,12204.83
26e71b17-2d0e-4433-9317-3a61db0951c1,1,credit_card,4,8514.17
099e201e-c6bf-43db-924a-c2551a58a963,1,credit_card,1,4003.73
9679d6e5-76a7-4304-bfb8-9dc8da1833ac,1,credit_card,4,13569.68
652fac71-0273-479d-b03d-463c2453a754,1,credit_card,6,10520.21
d6691652-f24c-42eb-9aae-20ed87d5b6be,1,upi,4,15019.3
acc50240-1200-4e15-aab6-7f5d41b564ef,1,debit_card,4,10720.53
acc50240-1200-4e15-aab6-7f5d41b564ef,2,upi,4,3604.89
1df628f6-3a01-449c-a6f7-8a6010308f02,1,credit_card,6,5086.52
1df628f6-3a01-449c-a6f7-8a6010308f02,2,upi,2,4638.52
554df4f9-d0e0-49df-af9c-ff85b508d9ed,1,debit_card,1,5943.48
554df4f9-d0e0-49df-af9c-ff85b508d9ed,2,credit_card,2,4677.04
7240acce-7fb1-43fa-b5d4-4f2aa6620145,1,debit_card,2,7071.43
0ea8c619-373f-482f-9d91-581f503bef31,1,voucher,2,3123.44
88c9d8a5-9f5c-41d2-84a4-8faeb80f6eda,1,credit_card,4,2121.15
88c9d8a5-9f5c-41d2-84a4-8faeb80f6eda,2,voucher,2,10460.18
f9f64eff-6412-48a5-b93f-4b7423927d3b,1,credit_card,2,10066.1
97e32237-39e6-42b5-a865-8b24a50f897f,1,upi,3,13018.18
8bc0d16a-6425-4f4f-b5ef-75e7d4267bf7,1,voucher,1,5974.04
8bc0d16a-6425-4f4f-b5ef-75e7d4267bf7,2,voucher,1,914.86
7773bfd1-57e0-4e4e-a7a6-52e0e4703c49,1,debit_card,5,7968.18
00699059-eb1a-4e2e-9d5e-847330919641,1,upi,5,8544.99
51a6d42a-8fc2-4486-80b7-f87b156b9ead,1,credit_card,1,5602.01
9274f5b2-b7d5-4999-9602-adc872a06fd6,1,credit_card,4,3759.21
9274f5b2-b7d5-4999-9602-adc872a06fd6,2,credit_card,5,3501.84
7f1df381-38b3-418c-bc7c-a98cf1a4c954,1,upi,6,11670.77
7f1df381-38b3-418c-bc7c-a98cf1a4c954,2,debit_card,3,1983.69
cffb61a3-9bf3-4af5-a3cf-b748671319c9,1,upi,1,7225.68
c6d5ff6a-3bc0-4426-9456-ea62619a9f98,1,upi,1,7958.51
c6d5ff6a-3bc0-4426-9456-ea62619a9f98,2,voucher,1,146.89
ac61c9f1-4b29-4deb-9626-4bac7179d200,1,credit_card,4,1498.61
ac61c9f1-4b29-4deb-9626-4bac7179d200,2,credit_card,2,3792.69
5175d56f-7de7-4577-995d-4b6cfcdda470,1,credit_card,5,2059.41
5175d56f-7de7-4577-995d-4b6cfcdda470,2,credit_card,1,4120.54
3aa249be-26ad-4616-ae4e-3a412aef4f62,1,voucher,5,5408.41
3aa249be-26ad-4616-ae4e-3a412aef4f62,2,voucher,3,5377.52
24f64074-0455-4376-9585-24fa0aee21d6,1,voucher,4,1708.99
24f64074-0455-4376-9585-24fa0aee21d6,2,upi,6,2694.89
d31a8ebc-bda4-4ad0-95b5-5eb726155f6c,1,debit_card,3,8960.92
52519b42-0dc3-42c0-aa3a-457746ddde8b,1,voucher,4,14045.89
52519b42-0dc3-42c0-aa3a-457746ddde8b,2,upi,4,646.18
9584b582-5c28-4a02-9f28-ab501ab23b49,1,debit_card,2,1608.79
9584b582-5c28-4a02-9f28-ab501ab23b49,2,upi,3,5303.15
c8ca7ced-7156-4061-8727-f5534364e284,1,upi,4,10977.5
c8ca7ced-7156-4061-8727-f5534364e284,2,debit_card,2,3352.45
d2ce28df-c06d-4405-88c8-dfd166440ec0,1,credit_card,4,9185.33
f592678f-d9ad-410a-b7ee-eb7f1d617bb7,1,upi,1,7669.63
cf7633ba-a5fb-4583-9cc6-9f2c3f7eb0ce,1,voucher,6,8791.12
9af911a1-7213-459d-b091-3014c62d2da9,1,upi,4,8605.71
9af911a1-7213-459d-b091-3014c62d2da9,2,upi,6,4676.45
d3514afa-97fb-4461-b681-48d44eacb830,1,upi,4,6700.95
fe56a9b5-28a8-499b-be2b-5518adc2e3af,1,voucher,4,7684.26
070d4753-ee15-4b1b-b05a-c884409e75e6,1,voucher,4,2761.28
070d4753-ee15-4b1b-b05a-c884409e75e6,2,voucher,4,5377.66
83b9242b-ec94-4b94-b652-cccc0c1dbd03,1,debit_card,3,7077.74
d4814d44-996f-4f3c-bd7b-11b4894602e9,1,voucher,2,10821.53
d4814d44-996f-4f3c-bd7b-11b4894602e9,2,upi,2,3392.36
e6f8178c-ede8-47f6-baa5-da5b71557829,1,upi,5,7681.61
d0063d45-84cf-4055-aabd-1b63a109c253,1,debit_card,4,6395.66
63554293-b75f-44e1-a773-4de103b4a195,1,voucher,3,10010.4
63554293-b75f-44e1-a773-4de103b4a195,2,debit_card,2,408.39
bbe5057f-4266-468e-bb75-1f61812fee80,1,upi,4,6110.7
22833656-408c-4dea-a849-9768386519bb,1,voucher,3,3301.59
bb5e8b98-9548-4eb7-980d-ecdcf232864d,1,voucher,1,2580.15
bb5e8b98-9548-4eb7-980d-ecdcf232864d,2,upi,2,3952.61
90b1a12a-6e6d-4a4d-8179-960096c1d0bc,1,upi,6,9391.46
6c6171aa-1176-4fe3-b28c-7d0929e8cf40,1,voucher,2,14421.02
d5b0b222-7a73-4f6c-b7bf-385292d18ea8,1,credit_card,6,12667.18
0abb8fe3-e0c4-4a74-a8ce-fe4dd4dd3203,1,voucher,5,12210.68
2b8297ab-019c-453a-b18a-878e491ca4ae,1,upi,3,2968.93
2b8297ab-019c-453a-b18a-878e491ca4ae,2,upi,6,8002.62
cc5c376f-7755-4155-9168-a8ebfa4ca411,1,upi,2,14553.15
f37bd434-bfb3-4a67-a24f-0ffb35f947ea,1,debit_card,4,7544.88
dc2183b8-00f8-4e48-8f34-45452ca8bc32,1,upi,4,5447.79
2aadafb4-5ef8-4d75-a232-5e494ffdee99,1,credit_card,6,13000.36
b2a2d458-4a3a-4ab6-ab32-2fa4f22e5d95,1,credit_card,1,8110.52
21868d51-fc8e-46eb-8c99-707fdef7c63d,1,credit_card,1,12732.06
f42cc720-dfcf-467a-9524-14c511557e1e,1,credit_card,3,11348.11
57518893-31d7-4e6f-8770-1aa4ae91f451,1,upi,6,7461.19
4f4bb4db-5808-4b80-a371-7bc73119ea03,1,upi,3,8687.1
346d0376-73e5-47a1-8d89-0d10d706f332,1,debit_card,5,6949.07
67fe5b84-3e39-4fd6-9e92-145cf2d0adf3,1,voucher,4,7988.77
ac0b6386-da32-4c79-bbe6-0a9a3307e11a,1,upi,3,7692.53
0498cc57-c5f4-491b-b1dc-78b11ea37b7f,1,credit_card,5,1809.66
1f3da67c-fc06-4f20-bcf3-5ce549b02fe7,1,upi,2,5025.22
858554de-dc28-4ac3-85b1-fe7a451b53ad,1,credit_card,5,11143.5
98c96cfe-8ce0-4f7d-b30c-fc5201cea9a6,1,voucher,2,4737.37
98c96cfe-8ce0-4f7d-b30c-fc5201cea9a6,2,voucher,6,5735.95
417dc001-160f-49eb-8a6b-a06bea0460dd,1,upi,1,9959.24
7e6291ce-5dbd-4b90-80f5-66ee60086631,1,upi,4,11249.45
7e6291ce-5dbd-4b90-80f5-66ee60086631,2,credit_card,1,2104.79
aa6ed8e9-edb2-4690-bfcb-3de5348d1825,1,voucher,4,9060.4
5b042065-adeb-4606-9bfd-5d5cc02e6ce9,1,voucher,2,9780.37
be528968-4ad8-402a-a313-d3a03a50361b,1,debit_card,4,10564.54
0b00b6a4-3275-4dc3-bb31-986e1ea348b5,1,upi,4,3592.47
0b00b6a4-3275-4dc3-bb31-986e1ea348b5,2,credit_card,4,4826.66
3864df43-c13a-4055-886e-ed9afd14c27c,1,debit_card,3,3874.59
3864df43-c13a-4055-886e-ed9afd14c27c,2,credit_card,3,8268.03
b5badc5b-18e7-4030-ba36-a89f03fe8c38,1,upi,2,7913.14
55adf296-87db-4ec2-970f-721f9a0a28ba,1,debit_card,6,9417.1
55adf296-87db-4ec2-970f-721f9a0a28ba,2,voucher,2,3776.13
85073e4e-65b3-462e-9e7e-6cab01383f0b,1,upi,6,6827.13
69d39c05-03cd-45c6-8be7-9c5000e8275a,1,debit_card,6,8444.72
9a033446-3f86-4243-956a-f8d567e3c759,1,debit_card,5,8182.06
8f4cfb17-e91d-41ee-972a-db696b2fa3ce,1,credit_card,5,8113.2
64490ea7-2439-497f-be20-26805fed00f0,1,voucher,2,15.79
64490ea7-2439-497f-be20-26805fed00f0,2,debit_card,3,5165.0
9b846d6b-8c5b-46e8-9cba-36fabb348e70,1,debit_card,5,7750.8
c9a5ec51-823c-4bb0-b380-13bac86379f6,1,voucher,3,8822.7
d0bc7084-a727-4cd5-b620-99c22d6bd89b,1,credit_card,6,6292.79
39fc369a-9fb8-4a06-b446-606b09249774,1,debit_card,3,11047.89
ace84ae9-9fec-4960-84cb-22793096bbbd,1,voucher,3,8038.28
da9c02fe-8845-4e24-af6f-07cf91e44888,1,debit_card,6,9694.26
3dd6a232-69ea-4f14-b646-b8032d36cbce,1,voucher,6,5840.65
3dd6a232-69ea-4f14-b646-b8032d36cbce,2,credit_card,3,2926.49
77e764dd-86a1-4df3-bbc9-bfa18015f857,1,credit_card,2,3592.19
77e764dd-86a1-4df3-bbc9-bfa18015f857,2,credit_card,6,3912.0
5a6e587e-a7e2-4b3c-8edd-4f2f0007fadb,1,credit_card,3,2771.07
5a6e587e-a7e2-4b3c-8edd-4f2f0007fadb,2,voucher,2,1264.7
28cf61d0-4ef8-468d-a521-484043aa9d55,1,voucher,4,10277.03
4310498c-fb2c-4a76-a6b4-9848f2a8912f,1,debit_card,6,9455.19
da004e6d-60bc-4fba-aff5-035cdf104667,1,debit_card,3,7344.21
85f42f48-28a1-475e-b8e5-b509c7f43e85,1,voucher,4,5436.29
85f42f48-28a1-475e-b8e5-b509c7f43e85,2,debit_card,2,3277.21
c8cc7741-b32e-4558-9ba3-efc9105943b9,1,debit_card,5,6784.89
0687c624-8ba8-43ef-b3e3-492a00e355ea,1,voucher,3,7607.06
be585c7b-55b0-4faf-8026-ca2d368a62a5,1,credit_card,4,11419.55
05e8d6f2-af2e-4614-8495-500aa199036c,1,credit_card,6,632.22
05e8d6f2-af2e-4614-8495-500aa199036c,2,debit_card,5,10570.59
ca3a46ef-f436-4de6-b9d0-6495462aefe2,1,credit_card,2,13689.36
b36a791b-19cf-4a72-8f32-e7d3098b09dd,1,upi,1,10431.11
506dcedb-79a0-4c04-9d75-6140cb59d55c,1,debit_card,1,7193.77
f97b124c-31e9-48f9-a9a3-a7060e2243cf,1,upi,1,3853.15
9976eb4b-1240-45ae-bac7-d637dbb924a0,1,credit_card,6,13774.64
506d30d6-badc-40f2-ad27-2c9ebab5a109,1,debit_card,5,8410.01
84d3ade1-f376-4479-9fac-4395c7363218,1,upi,5,8680.58
16b64e61-2e3e-48c2-9b7d-9fd0459aa478,1,voucher,6,10742.01
16b64e61-2e3e-48c2-9b7d-9fd0459aa478,2,debit_card,6,238.74
84e68c04-b652-4ad8-9064-146aedb5977e,1,credit_card,1,7156.33
1c1bd6b5-fcb5-44c4-9671-406dae863272,1,upi,2,4575.52
1c1bd6b5-fcb5-44c4-9671-406dae863272,2,credit_card,2,3381.64
2c8a2efb-22ca-4b30-9bf5-3ab62bd62dbf,1,credit_card,1,3477.91
aa4d63b6-3467-4604-8869-3935e4e8a9f4,1,upi,2,11544.03
c193a1f4-39f4-4ed3-bccf-2eebed7de472,1,credit_card,4,2515.64
16cb63a6-b4d3-4334-8e1a-a2e99185e800,1,upi,4,6635.42
c636b4d0-a447-4ffb-946b-79367fe3589a,1,voucher,5,7083.34
6899e74d-1be9-4e5d-9004-05ad599377c8,1,upi,4,403.76
6899e74d-1be9-4e5d-9004-05ad599377c8,2,debit_card,6,8787.83
d03a7e35-5632-49f9-80a6-bbfc7aaea6ce,1,credit_card,4,9781.04
d03a7e35-5632-49f9-80a6-bbfc7aaea6ce,2,upi,5,2936.0
460e414d-0265-4288-ab09-856fe1cb6d6d,1,credit_card,2,8216.42
1af41a29-3936-429f-b604-2f111d727cbc,1,debit_card,2,11920.49
2c1a2a1f-328a-4104-b0b5-0477822a29f4,1,upi,6,5846.14
2c1a2a1f-328a-4104-b0b5-0477822a29f4,2,credit_card,6,2203.65
9cffa722-50df-4f3b-a1b2-6d4a7f75e2a7,1,upi,2,6349.11
9ecbdca8-ae88-4acc-9072-790b8c3b16ee,1,upi,2,6719.07
f43353ab-3962-4679-a957-7beefee8abb6,1,debit_card,5,11314.83
12dad459-1a51-4565-b616-ec78859841e0,1,debit_card,2,9229.21
ea63346b-0663-4a97-a68b-c6541e4fef74,1,debit_card,3,6527.5
9f4f3d90-332e-4377-84a7-efe159c727c1,1,upi,5,53.36
9f4f3d90-332e-4377-84a7-efe159c727c1,2,credit_card,6,6545.49
acb92674-f825-47c1-91f3-55d095eb0bab,1,debit_card,3,2351.7
acb92674-f825-47c1-91f3-55d095eb0bab,2,upi,1,547.46
28be0a45-6baa-4f0d-b571-acbb8d622521,1,credit_card,4,8410.49
f4a78ef2-da2c-44a9-beef-e3db2678f6da,1,credit_card,5,8711.04
c7336770-12e7-4074-be18-a92dca7053b6,1,credit_card,6,13271.16
175f06f7-6717-4d14-b4ec-e849e0acba17,1,voucher,1,3082.26
175f06f7-6717-4d14-b4ec-e849e0acba17,2,credit_card,3,4331.55
04a6858d-0400-491a-8066-9399c424daf5,1,debit_card,6,9636.62
04a6858d-0400-491a-8066-9399c424daf5,2,credit_card,5,2017.27
7554a4e7-1e0b-48ff-bdc5-112abc8bc534,1,debit_card,4,8193.06
c68efc67-9db4-4738-8878-d70994c6f0e0,1,voucher,3,8531.05
95168a24-497a-4d05-a80b-c4d2a2cf4344,1,debit_card,4,11182.51
420fbc9b-d62a-4e88-a679-51942c1dd527,1,upi,2,10322.93
ad83446c-0a68-4361-8e9c-dd1d19e0a46b,1,upi,1,7319.47
ad83446c-0a68-4361-8e9c-dd1d19e0a46b,2,debit_card,4,1651.97
94f799f8-8c41-4b39-9e43-368f78ed978f,1,voucher,3,3802.36
b0627275-b9dc-442b-8f10-38560bd3543d,1,voucher,4,7326.23
4166227c-5c0f-4a30-bc96-35ae9e039b93,1,upi,2,12061.63
06d09904-183b-4c3c-8f55-645cd2b264fb,1,voucher,4,751.52
06d09904-183b-4c3c-8f55-645cd2b264fb,2,credit_card,2,8489.97
41549cc9-ec95-4393-bb03-e0b9841742e5,1,voucher,6,4884.18
7e72a795-d190-45c4-b182-d1abed80f6f8,1,voucher,3,2878.89
6e15cd43-11f8-4b42-add1-d7031ec338d4,1,voucher,6,12086.89
9ba1eeaa-af94-44d0-9fdd-e318b5f4db38,1,upi,5,2575.8
7e35ffac-ba4a-426d-a4af-393c28b3dcf3,1,upi,1,5202.87
5d1b5844-410c-4ff3-9fa3-8806995860dd,1,voucher,4,3814.08
492eab64-bad6-4209-b234-3b885f12de6b,1,debit_card,3,5099.71
f03baf32-3ae1-4c50-bf4a-f1dcec581379,1,credit_card,4,6176.16
efb8cc7c-e333-43a8-b121-9c3206c411de,1,upi,3,12364.63
ddf44cc3-ede9-473b-8cab-c3e86e27afcf,1,debit_card,2,825.33
ddf44cc3-ede9-473b-8cab-c3e86e27afcf,2,upi,4,3739.65
b6142cd0-ab0a-4ab1-b2d0-7797c1803791,1,voucher,4,3539.96
b6142cd0-ab0a-4ab1-b2d0-7797c1803791,2,voucher,2,4432.61
94f8a8ef-70c9-4c50-9aa0-0082a56111c8,1,credit_card,3,4050.68
401fdb93-5150-4ad2-ade4-0df492d7e928,1,credit_card,3,5174.1
0b9983e4-940c-4527-abb3-25d02ceb8012,1,voucher,5,1852.26
0b9983e4-940c-4527-abb3-25d02ceb8012,2,debit_card,2,8009.87
d4102272-d6de-4d2f-ae3d-2c404a4979b6,1,voucher,2,10097.85
dca96939-f8a3-4ff3-9957-234bead6d593,1,voucher,1,10144.61
893f5323-1e9d-49b0-b8b9-6db4b3be5475,1,upi,3,7050.32
eaa9654d-38b9-4b10-8551-243c8a130064,1,debit_card,6,4052.02
eaa9654d-38b9-4b10-8551-243c8a130064,2,voucher,5,7807.69
30177717-fdd8-4150-97b2-2691a0283cb0,1,upi,5,9722.63
04b40dd4-7016-4128-b8b4-2930708bc9ca,1,debit_card,6,4091.21
5e470834-aa72-4d3f-acc9-f68ec898d85c,1,upi,3,3276.93
581ed3e8-cbfe-4ab7-868c-e57becf6e630,1,voucher,1,1947.57
581ed3e8-cbfe-4ab7-868c-e57becf6e630,2,credit_card,4,11004.43
8f16acc5-7192-4ce8-953c-c07802be0974,1,voucher,2,9865.46
8ddd61ef-e0e9-4919-b65a-5a8c38aa0a2c,1,debit_card,6,8066.44
ff5f2ff4-52a7-46bb-b05e-b4ab279a36b7,1,debit_card,6,7906.78
d5715c07-49c2-4d10-b170-419d19d8ba29,1,debit_card,5,10566.42
77b4c517-5153-43e8-8556-be2acca14e2f,1,debit_card,6,3869.82
2b858a7d-2e1c-45a3-8fde-9dd807cce2e2,1,upi,3,8434.77
92f0d5f6-d1a0-4176-aa29-d3b8dbc10a57,1,upi,6,71.06
92f0d5f6-d1a0-4176-aa29-d3b8dbc10a57,2,upi,2,6192.26
47a8ffc3-38e8-48cb-aee0-99e2d4ab438b,1,voucher,1,6215.07
ed570566-f0fa-4c0f-9963-e4768b353dae,1,credit_card,4,9249.33
4641da59-ad5d-4e2b-881b-cafd386654aa,1,debit_card,1,9545.86
37d02d25-a70a-4ee1-9f5e-7a6b69a03606,1,voucher,4,6554.79
37d02d25-a70a-4ee1-9f5e-7a6b69a03606,2,debit_card,1,1067.09
0b153334-3c70-41c2-b0ea-ca0159ec8b03,1,voucher,2,9436.2
c5cad3d9-c133-41cb-8341-f8f7026296de,1,upi,3,11116.49
8a7a2b44-81a9-47c7-a9b2-706e478d2aeb,1,voucher,2,11683.73
e0642000-cf55-4862-ab33-c34cc889497a,1,credit_card,3,12608.4
9fccd675-cba5-4d96-8291-5efc3500f7db,1,voucher,5,11107.02
2a9341a4-3620-4f4c-9ed2-c2cdad865282,1,debit_card,3,12349.33
c2d0a4b2-9103-4d0d-8233-093a67b314e9,1,debit_card,5,7203.8
13c5a9cf-3a66-4d71-85b7-98331a6f40e1,1,upi,6,2622.8
13c5a9cf-3a66-4d71-85b7-98331a6f40e1,2,upi,5,2185.26
c07308df-9acb-46f8-bd3e-bfcabf4e8f2a,1,credit_card,3,3079.85
c07308df-9acb-46f8-bd3e-bfcabf4e8f2a,2,credit_card,6,2354.9
06b3200a-2fdc-4c26-bf14-126ad674661b,1,debit_card,2,6853.87
820d46d4-b19a-430e-ac35-e115b36c7ff6,1,voucher,6,7082.5
7639e6c0-17cd-4bb3-ba64-0b129add0a5e,1,debit_card,3,10827.25
c192a2d7-833e-4ce6-af8c-0a36ed42f1bd,1,upi,3,6668.47
9723e683-b459-4fee-955a-f392b6e65058,1,credit_card,6,9371.11
26b26dae-2f9a-46c3-a5c9-a8ac6dff8724,1,voucher,1,6737.06
26b26dae-2f9a-46c3-a5c9-a8ac6dff8724,2,debit_card,4,8464.43
977e5b66-e0fb-4099-8fb1-e7950013ae5e,1,voucher,6,6286.16
f75c9901-fb05-41a2-9537-900778db3a5c,1,upi,5,14264.03
85d79452-8381-43ea-a164-7643ee69e73c,1,debit_card,1,11861.31
b58291d3-b400-4c5e-a854-ebce929ca895,1,voucher,3,11523.62
62125a40-b241-4935-bba2-c734d7ab94db,1,voucher,3,14107.58
847325aa-f93e-4808-a288-53fbdc3c8768,1,upi,3,6494.47
31c5a9ac-0468-4b36-ae70-8533c31c8a77,1,credit_card,1,11111.64
df0154c6-805d-4d0c-b5a7-fce125937fc0,1,voucher,3,11874.36
44eb8d30-1328-417d-ad9e-459d6776dd39,1,debit_card,6,6647.23
76d73ece-4df1-416c-a3fd-91f9e8482e43,1,credit_card,6,12535.2
9776644c-90f7-475d-974c-556667d7c57e,1,debit_card,4,4664.2
98db9ffe-e6bc-4bad-9b80-02883b55bba4,1,debit_card,5,9035.03
3df9bf2a-4737-4a7e-b4f7-70b98b51a310,1,debit_card,3,9374.14
a56aa74e-f67e-4452-9ec0-8b3eb955c836,1,credit_card,5,2907.16
a56aa74e-f67e-4452-9ec0-8b3eb955c836,2,credit_card,6,4042.07
c7c603bc-8198-4b09-9d37-25222878cfee,1,upi,4,3684.42
c7c603bc-8198-4b09-9d37-25222878cfee,2,credit_card,1,2981.75
d52dc672-1ed3-414f-836a-897f390ca73b,1,upi,1,9791.33
9880c8de-5a2b-48a6-b10e-586648e87ff1,1,upi,6,4932.08
9880c8de-5a2b-48a6-b10e-586648e87ff1,2,upi,1,1496.37
02da3250-df29-4d09-8ee7-416075633aa6,1,debit_card,3,5384.93
9db54082-8285-4ebc-acc5-97b645ef4a12,1,voucher,3,9862.55
b14209d1-9dbc-4d76-b43a-2fb73cce444d,1,voucher,4,14666.63
67a78724-7a3c-4a9e-8b94-630b215f6e6c,1,credit_card,5,11297.69
67a78724-7a3c-4a9e-8b94-630b215f6e6c,2,voucher,6,3147.16
345a5f1a-ca38-41fc-acde-8806d22feabf,1,upi,5,15296.32
584726d3-01c6-4c3a-9807-5244d5fa5eac,1,upi,4,4736.25
548548e0-6497-42e3-81d4-55e364ed003a,1,credit_card,3,10642.95
fd537fdb-51fe-4655-b974-65eb56e85978,1,upi,1,9363.23
afe9a496-7666-4410-a024-e3252971e30c,1,credit_card,1,3372.26
afe9a496-7666-4410-a024-e3252971e30c,2,upi,4,4331.35
ce3e04ff-a33d-4bd7-a5e0-21d045686384,1,credit_card,2,9970.56
bb960447-9a19-4022-885a-a5c84759def9,1,upi,2,10262.03
375c7a05-8897-4a0a-91ed-1fcdf216d773,1,debit_card,3,730.62
375c7a05-8897-4a0a-91ed-1fcdf216d773,2,voucher,6,7910.65
de2e95ad-21a0-4bb4-9faa-e828329a2df7,1,voucher,1,3700.35
de2e95ad-21a0-4bb4-9faa-e828329a2df7,2,debit_card,4,956.86
7f33e6a6-7b9e-46bd-beb0-952da1beebf1,1,voucher,5,4851.87
82efdf38-bc77-4f94-b957-02972d0b3697,1,credit_card,2,11269.18
1d9cccd7-db5f-4383-aefc-7426f4a77258,1,credit_card,2,1747.0
1d9cccd7-db5f-4383-aefc-7426f4a77258,2,upi,5,4204.12
b16579c5-e5c7-458c-a9f9-05a864750148,1,credit_card,3,11879.19
53d006b4-095d-4301-bbc4-3e89d4f476c6,1,credit_card,5,6779.99
53d006b4-095d-4301-bbc4-3e89d4f476c6,2,debit_card,5,9253.95
1da1a137-c159-465a-b4b2-5c83e6266fdf,1,voucher,2,9527.26
0f1ca2b0-b5ae-4327-bf80-01c1d83c314c,1,credit_card,6,12382.67
584d341f-c55d-4e66-ad1c-a44e368a6436,1,debit_card,3,10037.3
584d341f-c55d-4e66-ad1c-a44e368a6436,2,debit_card,5,3284.16
55500bf0-00be-4bff-b198-1ff0a0e6885d,1,upi,2,4287.89
7cb5835a-c6a6-41af-bb31-16dea9f2a508,1,debit_card,3,4587.18
7cb5835a-c6a6-41af-bb31-16dea9f2a508,2,upi,3,2982.77
338aea43-9f6a-4328-9724-f9e55a332471,1,voucher,1,10084.92
0d74666e-e673-46de-bfff-5f2ebf19cb87,1,debit_card,4,8835.68
0d74666e-e673-46de-bfff-5f2ebf19cb87,2,credit_card,4,4666.59
d0090c51-6ad9-40b8-a1d5-d4e97d367f37,1,voucher,2,1018.33
d0090c51-6ad9-40b8-a1d5-d4e97d367f37,2,upi,1,3531.1
0b182701-c428-4dac-a8f6-b3ea46115faf,1,voucher,1,7410.23
ac50a9c1-65be-4e74-a4a9-ae3b3d06fd2f,1,upi,2,1156.81
ac50a9c1-65be-4e74-a4a9-ae3b3d06fd2f,2,debit_card,6,6411.03
de8daa72-fdf8-4693-9491-4efc2c5b0c48,1,upi,5,6240.78
de8daa72-fdf8-4693-9491-4efc2c5b0c48,2,debit_card,3,3047.36
15fc2bf0-0fae-4470-bcca-ba43293c5737,1,credit_card,6,11195.59
e06c38d1-953b-47d6-9f5f-64e541a97cd4,1,upi,5,7023.03
e06c38d1-953b-47d6-9f5f-64e541a97cd4,2,debit_card,2,366.76
6e4afa2e-249a-4ab0-b414-eb9412aaab35,1,credit_card,3,1468.02
6e4afa2e-249a-4ab0-b414-eb9412aaab35,2,credit_card,2,2950.65
23c8971c-5e1a-4194-b14f-f83604bef774,1,debit_card,2,8376.16
5b5df4cf-79cf-4d1e-96f8-fe994230d9d9,1,voucher,6,12130.53
e2fc9e09-70e2-4632-97ba-9fc144ddf735,1,voucher,4,7575.96
f425c562-10a4-4ece-a178-cf90eda8a86d,1,upi,4,2947.16
f425c562-10a4-4ece-a178-cf90eda8a86d,2,voucher,5,3797.9
519d1cd0-ad46-4e85-8cc4-d6c38760e036,1,debit_card,6,9384.71
519d1cd0-ad46-4e85-8cc4-d6c38760e036,2,upi,1,2978.31
071f6d66-391d-4782-8e0c-2d82d0df7c5f,1,credit_card,1,2743.24
071f6d66-391d-4782-8e0c-2d82d0df7c5f,2,credit_card,5,7511.42
cc2efaf2-5ece-4bcf-9bb8-fb76ae1fec14,1,credit_card,3,7615.19
12d9df5e-842c-4b15-8b10-fde48813ba98,1,debit_card,4,13311.72
28c7c6bd-d17e-46c2-9768-7013ca67bf73,1,upi,1,5598.87
b83b8cb0-d0af-4a62-a9fc-80f0bfe03397,1,debit_card,2,9884.8
58ee88b9-94e6-44e9-ac72-840ec41fc42e,1,upi,4,2228.43
58ee88b9-94e6-44e9-ac72-840ec41fc42e,2,debit_card,1,1247.32
4b1b447b-4865-48b6-84ac-aae7e07d1af0,1,voucher,6,8791.93
f0808c5c-adfc-4434-a5e2-93f09eee953f,1,debit_card,1,15684.15
9faed879-4b3d-474f-9251-a0e5fb17ea13,1,debit_card,2,5734.55
fe469224-af06-415f-bce0-16b8ccc146b8,1,voucher,2,11012.68
3af76228-4541-4c25-8b5d-d97eb429e463,1,credit_card,4,11019.73
5806f5eb-da97-4e92-9b76-65d4bf970a34,1,credit_card,1,8534.16
3a036047-14cb-4029-85f8-d98c9d1b9290,1,upi,4,9744.61
b7b74f61-1183-4340-beb6-83c5d456461b,1,debit_card,3,2703.08
b7b74f61-1183-4340-beb6-83c5d456461b,2,credit_card,6,2626.89
489b5d14-3cbc-4d1e-9e53-da767e57816b,1,voucher,1,1130.49
489b5d14-3cbc-4d1e-9e53-da767e57816b,2,upi,2,5927.65
e1e8a467-af65-4c13-b3a6-ee8b2212efb7,1,voucher,6,8722.04
2a394f63-bf24-436a-ac81-23dda624a178,1,credit_card,1,3565.74
12e53216-06ce-49e1-95a0-0f6d9b14f322,1,voucher,4,9097.43
aeda386c-f03c-4994-9bab-a91ad7af9b8d,1,upi,1,3872.85
e926cc10-b5bd-4512-8b0c-8b2cef2810f0,1,credit_card,6,2497.19
e926cc10-b5bd-4512-8b0c-8b2cef2810f0,2,credit_card,3,6296.9
9c8d1479-6491-41c6-9dad-51394ea9f134,1,debit_card,6,166.6
9c8d1479-6491-41c6-9dad-51394ea9f134,2,voucher,2,14532.99
1110d51f-e18f-4eda-bce0-fb874513eea1,1,credit_card,6,7872.11
ca3f5f88-75b7-4cae-b582-035232772d4b,1,upi,2,6516.22
83b07263-0b85-4cf1-a462-1f05f7b4eb8c,1,voucher,1,1984.89
83b07263-0b85-4cf1-a462-1f05f7b4eb8c,2,credit_card,5,1940.72
8d3e630b-11df-4e03-a8e1-a10b67fbfd9a,1,voucher,2,5959.49
2e860e2f-9d2b-4095-b693-e928a9f7dc76,1,credit_card,3,1622.87
2e860e2f-9d2b-4095-b693-e928a9f7dc76,2,debit_card,1,11946.76
7e77e6c9-fb12-4f8b-ae64-45987e4c5250,1,debit_card,4,13979.34
7e77e6c9-fb12-4f8b-ae64-45987e4c5250,2,voucher,5,224.7
aaeaa25a-0faf-4132-93fc-4d3670256422,1,debit_card,6,8236.65
9a73b703-e9cc-4e88-8376-03268987a970,1,upi,3,7389.54
b6a391f5-146a-4d9c-a1aa-cd6d25a1396d,1,debit_card,4,1096.98
b6a391f5-146a-4d9c-a1aa-cd6d25a1396d,2,upi,5,7973.31
7286a644-17df-43a3-b920-02dcc861f257,1,debit_card,4,6590.35
f509d296-a339-476c-86c9-e8e615ea312b,1,debit_card,2,12790.13
917a936b-e44c-4e55-8d6b-55f505092ca8,1,voucher,6,2379.02
917a936b-e44c-4e55-8d6b-55f505092ca8,2,voucher,3,2005.63
e4c6fa8e-ec26-4a7d-bde9-47e66e596152,1,credit_card,5,3121.36
353903b2-5e10-4522-acb4-9eeb4127fdfd,1,upi,3,12336.29
73c325bd-823d-4494-ac15-ffebb9d82c68,1,voucher,4,8286.06
e69364d8-0e6f-4c1f-bc44-7426639f0eff,1,upi,1,6822.42
e69364d8-0e6f-4c1f-bc44-7426639f0eff,2,debit_card,5,3112.72
689e6164-fa19-49e8-b4fc-d0e33da8e947,1,upi,5,478.84
689e6164-fa19-49e8-b4fc-d0e33da8e947,2,debit_card,5,7091.03
89a3d26a-2871-4434-a5cb-582d671c1758,1,upi,5,13298.59
89a3d26a-2871-4434-a5cb-582d671c1758,2,upi,2,453.75
b59f7a85-adec-4a9d-a2c8-b34f264ce983,1,voucher,1,5956.16
b59f7a85-adec-4a9d-a2c8-b34f264ce983,2,voucher,1,1371.49
82049d31-ca9d-4706-9619-f68a42234013,1,credit_card,5,1754.18
82049d31-ca9d-4706-9619-f68a42234013,2,credit_card,5,6695.17
8c6f2211-6f92-4769-86dc-fd9454d531bf,1,debit_card,5,6058.94
6a1c275b-6b86-4c82-8eca-54a0262a940b,1,upi,6,8428.31
6a1c275b-6b86-4c82-8eca-54a0262a940b,2,upi,6,5664.38
64aa6e9c-5dfc-4512-abcd-b66fe99310c6,1,debit_card,4,5090.15
64aa6e9c-5dfc-4512-abcd-b66fe99310c6,2,credit_card,3,6078.18
2d23b15e-6484-4aa1-86c1-3ac007578c2e,1,debit_card,5,2900.23
2d23b15e-6484-4aa1-86c1-3ac007578c2e,2,voucher,5,6266.96
fe3aa4b6-0a13-4bb1-a536-71042b68c6aa,1,voucher,2,10566.27
fe3aa4b6-0a13-4bb1-a536-71042b68c6aa,2,debit_card,6,1807.65
04db0920-d100-439f-b227-1d6c3a4fd24e,1,credit_card,2,6870.35
b9e3f82f-60ad-4009-a3b6-a784e645b284,1,voucher,2,1544.82
b9e3f82f-60ad-4009-a3b6-a784e645b284,2,upi,6,3856.63
5d01e09f-1b63-4d24-85b0-0c6a958fd9e8,1,credit_card,4,10125.7
baf91148-a0f2-4e05-af06-e029acac74f9,1,credit_card,6,14082.94
fd7ba94c-cdbd-46f1-8ac3-8e132318c910,1,upi,4,10597.11
73aeb397-142b-4617-a1be-66bbd9f10651,1,upi,5,6435.72
96ce0755-371b-43ee-b700-3c3d2bb20f34,1,credit_card,2,3091.04
96ce0755-371b-43ee-b700-3c3d2bb20f34,2,credit_card,1,7379.75
45794f03-1d11-4070-b6f6-8c2cfcf511ce,1,debit_card,1,7127.09
db01e5f3-116e-42d8-9523-9b8c0ce06a35,1,upi,6,5736.15
a6e29279-cbcc-4fef-9729-fee33f55cf9c,1,credit_card,3,9742.08
71e3504a-31de-4544-8cab-2f57cf52751a,1,credit_card,4,1573.59
d97fc452-7c17-40cf-9118-5591a5b0baae,1,voucher,1,5271.64
3c9efc39-36f1-423a-a8f6-a1a3c1184b89,1,debit_card,3,1963.17
3c9efc39-36f1-423a-a8f6-a1a3c1184b89,2,voucher,3,7461.81
43403be9-3450-4de5-824b-c7ddd6df4a4c,1,debit_card,4,5238.75
93224853-9f58-45d3-ad95-5a0be87e38c8,1,voucher,6,6467.98
93224853-9f58-45d3-ad95-5a0be87e38c8,2,credit_card,6,624.13
52b647aa-78a0-42ba-b921-b37edabce85d,1,credit_card,4,10875.62
07dd2c59-cbfc-44da-8e24-62f6b1369643,1,debit_card,1,6521.13
74bf9085-d09f-4fcb-8fbb-6a90a9e515b9,1,voucher,4,9528.61
133b2890-f3d3-455c-988a-97adc7fa9405,1,credit_card,4,225.4
133b2890-f3d3-455c-988a-97adc7fa9405,2,debit_card,6,3585.08
d86648e9-0ca3-47fc-868f-0317bb59b526,1,credit_card,4,8932.73
8734aaf4-4e46-4398-948b-d5a6b71697b9,1,voucher,1,6657.04
7586c509-e221-46ef-8853-d8b5fe915a5e,1,debit_card,5,6014.19
67db404c-b3fd-440b-b529-b5003c35ebed,1,credit_card,2,9884.95
cb4de0b2-86ed-4433-a325-e250f1faeb06,1,credit_card,4,3858.69
cb4de0b2-86ed-4433-a325-e250f1faeb06,2,voucher,6,4217.43
7ff2ad1e-f362-42db-83cb-55b705f95838,1,upi,5,11393.42
8d810d39-e29e-4097-8ea5-0d36ee88d4aa,1,credit_card,3,5751.54
0bf21885-1114-4534-93ce-70d13fda563b,1,voucher,2,7461.3
39dd9e0d-cd83-4645-b241-4d104449c7c2,1,voucher,1,691.78
39dd9e0d-cd83-4645-b241-4d104449c7c2,2,credit_card,6,5839.87
8548e2c1-0f3b-4ecb-bc65-5bb8e36e4207,1,credit_card,5,5926.34
18062e10-5679-4860-a342-a0f7b9507027,1,credit_card,5,11069.78
007516c9-dd3b-43e8-9d4d-36eb55180c11,1,voucher,3,10109.25
7d2cd55e-3b42-478d-876a-f2c53ffc87d5,1,voucher,5,2207.16
7d2cd55e-3b42-478d-876a-f2c53ffc87d5,2,credit_card,3,4575.84
a53b471d-00f7-4d07-838d-a514f25ea976,1,credit_card,6,2372.7
a53b471d-00f7-4d07-838d-a514f25ea976,2,voucher,2,6626.25
29164d47-1ba7-4eed-8a16-3afd2e241f8e,1,debit_card,2,10148.07
e82f511e-5a72-4e33-a3ec-def5ba7d83dc,1,debit_card,5,12164.7
9f3fd83d-d5ad-411e-94ab-9c8155d11b0f,1,voucher,1,12371.0
f44323ed-5021-4d9e-bdbc-7b33feba9b89,1,upi,1,2598.79
f44323ed-5021-4d9e-bdbc-7b33feba9b89,2,upi,4,5328.67
c04723ab-60f4-4497-89b4-3f1404f988ba,1,upi,1,9198.4
fa755160-f4c6-40e9-990f-748ed2f51bfe,1,upi,4,4716.69
0bcd1f37-0955-4f26-9c0b-a6cd93b54fd6,1,debit_card,2,11365.55
5c702b2c-3029-4076-8d4c-9129a90d1f85,1,debit_card,6,8796.46
a7a51929-5e3e-49d3-b5ad-6bb44a816516,1,voucher,2,3484.89
a7a51929-5e3e-49d3-b5ad-6bb44a816516,2,voucher,6,8381.47
b59ed6ef-039f-4d57-8024-2543670db4a8,1,credit_card,2,9171.5
e6f0b672-a7b3-4d3f-a706-8dee9598a3f2,1,upi,6,12081.06
9bbe29f7-4672-4e43-afa9-962fca4b03ad,1,credit_card,4,5167.06
9bbe29f7-4672-4e43-afa9-962fca4b03ad,2,voucher,3,3929.4
f8280f95-d4f0-4ec4-9dfc-8e7bd7e11289,1,voucher,1,5936.49
f8280f95-d4f0-4ec4-9dfc-8e7bd7e11289,2,debit_card,6,4808.53
77620827-bd99-4cf8-9959-82d6a6f54ecb,1,credit_card,4,6927.67
77620827-bd99-4cf8-9959-82d6a6f54ecb,2,voucher,1,5620.2
6e8f4cd4-6e06-4d2c-947f-4cd7c9372a1a,1,voucher,5,10736.88
4b2021d1-363d-4744-84d1-546aee0550d7,1,voucher,1,7487.47
4b2021d1-363d-4744-84d1-546aee0550d7,2,credit_card,1,245.77
19ec80a7-3fd6-49f6-8c58-e80d968a21f8,1,debit_card,4,6004.7
d828f68a-171a-4b0a-9e0c-264c56091bc0,1,upi,2,10926.52
e16fa0e6-1fd9-46b7-b8b8-c20435a42da3,1,credit_card,2,7820.72
54d42394-fbe7-415e-afa4-6bdf3eea3e28,1,upi,6,4707.01
48694b99-a092-4fdb-8b85-19c13e2dfecf,1,voucher,6,7445.73
c6cb037a-7669-4f87-b12d-aa2fbf939405,1,debit_card,5,7808.11
c6cb037a-7669-4f87-b12d-aa2fbf939405,2,debit_card,4,4161.07
a8be5b91-1970-4991-9d1e-97ace01e0e99,1,upi,5,6508.87
3c334fe1-f5e0-40bb-8d53-7fa0300452f4,1,credit_card,5,15963.21
83b99269-35e9-420d-b98d-318715877f8a,1,upi,2,7211.45
d74773ef-d5af-4194-908e-4124b4723583,1,debit_card,2,6404.18
2a95b857-6856-452d-9890-60dc094e96fa,1,voucher,1,633.25
2a95b857-6856-452d-9890-60dc094e96fa,2,debit_card,1,3667.17
b80ade7f-4c73-4569-a308-2d965e0601c9,1,credit_card,1,7116.17
b80ade7f-4c73-4569-a308-2d965e0601c9,2,debit_card,5,2168.29
0bfa2e40-40bb-4554-8fbf-e2cbd2d9ea03,1,credit_card,3,2873.2
0bfa2e40-40bb-4554-8fbf-e2cbd2d9ea03,2,upi,3,1729.78
deb43c7d-7946-4f94-945f-f261409a6e77,1,voucher,2,5446.08
b05347c1-486a-4ec3-a3ed-c087c66666d7,1,voucher,4,8759.97
c1f9f6fd-5959-4097-9676-e2b977983d4f,1,upi,1,6166.45
d2e7cf33-cfd3-49db-bdf0-5f43a86609c9,1,voucher,5,7353.84
bdd6c5be-7247-48c6-b05e-5144c263abd3,1,credit_card,2,10614.64
bdd6c5be-7247-48c6-b05e-5144c263abd3,2,upi,5,1782.11
6d4b3827-e085-4c3f-a5b3-8bc44561c981,1,credit_card,4,7507.79
56eeeb08-5d83-4d64-8766-80cd249294a4,1,credit_card,5,2939.28
56eeeb08-5d83-4d64-8766-80cd249294a4,2,upi,2,5391.42
c03344db-3e02-417b-be67-abfc0451781a,1,voucher,6,2271.66
c03344db-3e02-417b-be67-abfc0451781a,2,debit_card,2,2648.62
f4dfa3bc-7ce3-4966-b7c7-234d870019f5,1,voucher,1,16677.48
aa6d66ef-7097-44bb-8752-3673d923463b,1,credit_card,3,11708.47
b9514562-e19c-4312-bcf5-6c79684220bc,1,credit_card,2,10070.61
aed1530f-3d9a-494e-9e4d-d445416d7da8,1,debit_card,4,1228.45
aed1530f-3d9a-494e-9e4d-d445416d7da8,2,voucher,5,8164.68
7922fa15-412c-4006-a22d-7e41f4e29d43,1,upi,4,2926.57
430d819e-75c0-4b21-af0d-c9e2bf954ab9,1,voucher,6,1775.13
430d819e-75c0-4b21-af0d-c9e2bf954ab9,2,upi,2,12064.32
42919213-57a3-4c3d-be02-391a791a8881,1,debit_card,4,7323.26
42919213-57a3-4c3d-be02-391a791a8881,2,credit_card,4,5781.0
0bcc2847-9cf7-4433-b996-944dd499302c,1,credit_card,4,1735.96
0bcc2847-9cf7-4433-b996-944dd499302c,2,credit_card,5,3045.96
e5c90da5-aaeb-4eb7-b5dd-84c75e00bd77,1,upi,6,10402.61
b2b002ea-21a7-4d2e-8e13-49c8a5de02df,1,debit_card,3,8480.73
48010adb-c38e-467a-ba4f-7b30e448d4ef,1,debit_card,4,6999.18
466337e8-a2c1-46a9-ab75-689c4d1c242c,1,debit_card,3,2278.31
466337e8-a2c1-46a9-ab75-689c4d1c242c,2,debit_card,3,6111.78
ca427cbb-9c3d-45b2-a73d-a5101275adaf,1,voucher,4,9843.51
14f704ff-155b-462f-8191-6071da4dff70,1,upi,4,6576.42
14f704ff-155b-462f-8191-6071da4dff70,2,debit_card,1,2827.53
f2587894-27dc-4693-a1f1-0a1df0a864d0,1,voucher,3,4315.41
f2587894-27dc-4693-a1f1-0a1df0a864d0,2,credit_card,3,1473.15
8954ec6a-1b8a-4846-a1b3-9ac8f9691923,1,debit_card,3,2713.63
8954ec6a-1b8a-4846-a1b3-9ac8f9691923,2,debit_card,5,7817.91
91b92c91-e2b5-4bfd-b3f6-92ae0d9276a2,1,upi,3,9396.96
91b92c91-e2b5-4bfd-b3f6-92ae0d9276a2,2,debit_card,2,4736.94
b8a3e978-8390-48c8-bc5f-d15e045befac,1,upi,3,2535.33
b8a3e978-8390-48c8-bc5f-d15e045befac,2,debit_card,2,10923.02
4966aed6-d03d-4758-9c5a-9a28d3effc14,1,voucher,3,8267.35
9f8783ed-befd-4f16-ab98-8c6ee41f5532,1,voucher,6,5369.29
84891d6c-daf4-4a80-ad75-6b96f91540b2,1,upi,5,4789.55
84891d6c-daf4-4a80-ad75-6b96f91540b2,2,upi,6,1272.5
cf145223-d7fc-433b-9bbd-b89d5095c9eb,1,upi,6,13963.83
b4f5121c-ed3f-4ea7-b67f-80e4b65a453c,1,debit_card,6,84.09
b4f5121c-ed3f-4ea7-b67f-80e4b65a453c,2,debit_card,2,5133.39
5d49374a-9caf-4ea4-9078-3161ce1012f9,1,upi,1,7739.1
ac428eaa-5447-4b02-9208-69af445ad0cb,1,debit_card,6,1892.15
ac428eaa-5447-4b02-9208-69af445ad0cb,2,upi,2,7964.17
99fed6cb-d771-4c4f-8547-53096b83c941,1,debit_card,2,2806.87
99fed6cb-d771-4c4f-8547-53096b83c941,2,voucher,3,6319.54
c2e6c16b-3654-4c2b-b085-d216c571ea38,1,voucher,4,7269.33
122738e0-a061-40d7-8156-b95d6f6125f9,1,debit_card,5,5653.55
122738e0-a061-40d7-8156-b95d6f6125f9,2,voucher,5,1082.45
30e87eff-26e7-4c30-99d3-d521d9177241,1,upi,3,5550.46
f0c6c630-20a4-4951-895b-e64e88a7555f,1,credit_card,3,2871.21
f0c6c630-20a4-4951-895b-e64e88a7555f,2,credit_card,4,10246.73
f7abea8c-15e5-4286-96d4-c436817b268c,1,voucher,1,7668.18
f7abea8c-15e5-4286-96d4-c436817b268c,2,credit_card,2,119.93
7087feb8-744b-4dc5-a279-494d408872ad,1,voucher,4,6623.37
253cfe11-2ad9-461e-99be-0f17279eedc6,1,debit_card,5,1567.26
253cfe11-2ad9-461e-99be-0f17279eedc6,2,voucher,2,9715.96
0e230edd-fc69-4633-bbdd-dc61e6262016,1,credit_card,4,11442.46
8e260588-91fb-4faa-9982-de6d8ddba6c9,1,voucher,5,9089.68
8e260588-91fb-4faa-9982-de6d8ddba6c9,2,credit_card,4,2989.77
5e1869b5-e115-4ee5-afce-adcfa0c29bfb,1,voucher,3,7324.57
1b55c8c1-6ed6-421b-ac7a-3ba11d63ac9e,1,upi,2,4990.88
6a19aa38-6692-45b1-8b35-5fd6c36cfb53,1,debit_card,1,8178.56
17e90bc9-9513-4a69-a43d-dfeb28dbcb0f,1,credit_card,3,2432.9
b361dd19-ad59-4b4d-bb9e-76a97e4340e7,1,debit_card,2,6903.89
6e49fa51-73fa-4f87-ba56-7310f622525f,1,voucher,2,9768.82
8ae6ab69-36ec-4392-bfb8-8f273bf7639c,1,credit_card,1,13125.72
6b1664ff-d568-49eb-966e-d4b7e5b5e70a,1,debit_card,5,4915.25
e5a7e12d-dea8-4e25-899c-166193d13678,1,debit_card,3,1505.07
e5a7e12d-dea8-4e25-899c-166193d13678,2,voucher,2,6679.41
44b6289b-a847-46dd-a189-42a0b93bd85f,1,upi,5,9288.02
72ed0d24-6fcb-48c3-afb1-e296d182716d,1,debit_card,5,1431.15
72ed0d24-6fcb-48c3-afb1-e296d182716d,2,debit_card,2,7505.57
84f78df7-1fca-4af5-a7fc-19dfa3df8e11,1,credit_card,5,8894.91
d9f9811d-f327-456f-9ba1-051b1c10d8cd,1,debit_card,2,10017.28
d9f9811d-f327-456f-9ba1-051b1c10d8cd,2,upi,4,2933.74
a40ce0bf-3d24-4dbd-8601-643038575f06,1,credit_card,2,5813.73
1a896693-7fa6-4d0c-b002-ce0dfa25b38a,1,debit_card,4,10314.06
da6b50ee-a1d2-415f-95ae-dd3dc43e5eff,1,credit_card,2,11628.0
a378a7ab-a646-44cd-8e64-d4bb937f2825,1,upi,2,5905.44
aee0d5d9-6279-4a4a-9e8f-a9ef8e1b5cb4,1,upi,2,7302.28
b26b99c6-a91e-4865-9d6f-6f591cb856f7,1,debit_card,1,16084.33
22acf806-e904-4ede-bc7a-4aa65e5449be,1,upi,6,5656.04
43d4a601-d837-4d23-a743-de3959c2d041,1,voucher,5,11982.35
04ff107d-b334-4d88-b174-7be8f12c5049,1,voucher,4,2060.25
04ff107d-b334-4d88-b174-7be8f12c5049,2,upi,2,1029.94
5c8443ca-2631-4137-879e-5ba991234d58,1,credit_card,4,10452.13
f418e333-c664-4b67-bfe1-55876fa4635c,1,voucher,4,517.53
f418e333-c664-4b67-bfe1-55876fa4635c,2,upi,6,4498.19
7cc673c0-424c-45aa-815c-5788a052d34b,1,voucher,1,10030.29
1f7886c6-2d17-4b7b-85db-6a13437dbc1f,1,debit_card,2,3277.35
1f7886c6-2d17-4b7b-85db-6a13437dbc1f,2,voucher,4,4756.86
f0c264df-036d-4543-8cf4-5b0c5976e314,1,debit_card,3,3283.23
f0c264df-036d-4543-8cf4-5b0c5976e314,2,credit_card,4,9791.26
1fb17f08-c858-48e6-9b71-3d7ea3e96b67,1,voucher,4,10562.07
1fb17f08-c858-48e6-9b71-3d7ea3e96b67,2,upi,3,844.7
2f2b42c2-3049-4a04-84bb-0f69fe9011e4,1,credit_card,5,4525.78
804c90a1-bf99-43ac-ab34-55010169dbf9,1,voucher,2,2081.0
804c90a1-bf99-43ac-ab34-55010169dbf9,2,voucher,2,11078.05
a960888d-e03b-484f-9660-3aaf0a4ebf5e,1,debit_card,3,7513.26
9a2c9179-ac3d-467c-bb6f-416e1f7923cb,1,debit_card,2,7336.68
a42274e5-cd05-4ba4-a8ba-7f84b6ec59f7,1,debit_card,2,3567.74
a42274e5-cd05-4ba4-a8ba-7f84b6ec59f7,2,voucher,5,910.21
d3eab017-3d4c-4241-a399-d3a05518466b,1,credit_card,6,6594.68
2db116da-b848-41b6-bc90-1b6513c0c1eb,1,upi,6,5724.94
2db116da-b848-41b6-bc90-1b6513c0c1eb,2,credit_card,4,2620.71
99467b0c-927b-4a7f-9e9d-32c268d26c1a,1,credit_card,4,6200.93
99467b0c-927b-4a7f-9e9d-32c268d26c1a,2,debit_card,3,4190.8
614c42c3-467c-4639-b523-ba7cd1b0844f,1,credit_card,4,7268.32
fba4ef9a-ad8a-4e68-962d-cfd39e028d6c,1,voucher,4,6503.14
2c146747-4f8c-4239-9644-6e885b7c9b12,1,voucher,3,9586.89
a2f63156-a74c-496d-a920-7134c6ff5e34,1,upi,3,4960.9
ef5ebbad-b492-4c91-8a3f-d0fdfab37d60,1,debit_card,4,13761.99
2d9f0aff-d5d2-492e-9a01-1569590d0450,1,upi,2,5252.22
469c8639-8711-4b17-bdc8-12a429b59527,1,upi,1,3961.77
469c8639-8711-4b17-bdc8-12a429b59527,2,voucher,3,5923.94
13c8f739-fba8-4383-8375-f0d9d2c3fa5f,1,upi,1,11085.41
f501d1a7-ddc3-4cf5-8d17-fcf5835b24da,1,upi,1,2994.86
f501d1a7-ddc3-4cf5-8d17-fcf5835b24da,2,credit_card,3,4903.77
c69d753f-ab93-4a26-acdf-4b9f001d0667,1,debit_card,4,1411.82
a3e7bd1d-f2b4-4298-ab63-430e394338a7,1,debit_card,2,15975.61
f05bdc8c-6074-4d02-8ff5-e575745f4198,1,debit_card,2,10201.06
25e85dc2-f4e2-4a53-993a-3ee7d989e593,1,voucher,3,13488.87
20711dbb-5dd0-46ff-b0d0-7888d7ce51f2,1,credit_card,2,6452.15
54e21eb0-2912-486e-8a47-dbf508d5c08b,1,credit_card,5,8588.16
98e68449-abb5-403c-890b-2c2043aa7556,1,upi,3,2015.33
98e68449-abb5-403c-890b-2c2043aa7556,2,voucher,4,4005.33
6bd8a9a9-2386-4611-ba9a-af803d7671bf,1,upi,1,16180.6
1aa2d30f-0afe-4982-8df4-b0c14f9456bf,1,credit_card,1,9355.11
5ac5ab85-b438-4686-b728-004de5426cbc,1,debit_card,2,10189.23
43effae2-b43a-49cc-a874-dab0087da999,1,credit_card,4,1171.36
43effae2-b43a-49cc-a874-dab0087da999,2,debit_card,6,3069.11
58887cbf-d7cf-424a-9c86-f0a48de125b8,1,upi,5,8396.58
2268dc1c-e46d-4a16-93ca-203147d4471b,1,upi,1,12000.64
f12443b8-8c12-43e8-a085-0be6f202f567,1,upi,3,12726.94
64f40425-bbb9-4b6c-aea1-6f0acb97bcf4,1,credit_card,5,9795.76
64f40425-bbb9-4b6c-aea1-6f0acb97bcf4,2,credit_card,4,70.06
2d2670f9-04bb-4add-b9f4-a40ed6caf437,1,upi,1,5886.9
c2cc5ce8-2973-49a9-a189-51de3339b337,1,upi,2,6886.89
8616c423-b826-46ad-a9a7-329268c7e696,1,debit_card,5,6030.89
52183fc3-3512-4517-9bcf-906483b2456c,1,voucher,2,6074.4
e566372b-886f-40c0-a41a-0c9f32c69b49,1,upi,6,5751.13
92634e0c-b3c9-4934-aba5-63d14241ded4,1,upi,2,9635.7
790023cc-76e4-447e-9fef-ce52c6de7464,1,credit_card,1,1252.03
790023cc-76e4-447e-9fef-ce52c6de7464,2,voucher,2,4370.12
91703d1c-1867-449c-ac22-60723d43b91a,1,debit_card,4,6703.72
50671aea-b94d-44b8-a093-4318df723b44,1,voucher,6,901.66
50671aea-b94d-44b8-a093-4318df723b44,2,voucher,5,5294.57
72fccc36-7698-4b8a-8dfe-ae90e3a88d33,1,voucher,5,8372.62
72fccc36-7698-4b8a-8dfe-ae90e3a88d33,2,voucher,6,3837.94
7351403f-b9fa-496d-82a5-57e87c0ff92e,1,debit_card,5,3200.93
7351403f-b9fa-496d-82a5-57e87c0ff92e,2,voucher,3,1456.42
07056fe6-8607-4080-a18c-9c8de0c1eb97,1,voucher,2,9016.11
07056fe6-8607-4080-a18c-9c8de0c1eb97,2,voucher,2,1849.39
8577683d-b271-4ddd-ae8d-58373370db30,1,upi,1,13125.84
b3885e06-a90e-435d-80ea-208a76f47b4f,1,debit_card,3,6878.66
b3885e06-a90e-435d-80ea-208a76f47b4f,2,credit_card,5,3617.95
b4e14fbc-d5ec-4cff-a20b-2ae988a51bd6,1,voucher,4,12014.9
8c14e95e-f4fd-4769-b107-2b32fc9dc6e2,1,debit_card,1,8938.88
c90d54b4-b535-44b5-b6e3-f944e8aaea89,1,voucher,2,6031.69
ee8542b9-dbd9-412e-b5bd-52d7353798d2,1,upi,4,6915.96
1b19e0af-4c63-485f-9cc7-9107998d81ad,1,upi,4,1836.25
1b19e0af-4c63-485f-9cc7-9107998d81ad,2,upi,6,5576.5
60453f24-f9d7-4251-8433-7cb24f138523,1,voucher,2,8303.42
5c4a83e9-a603-4faf-a5b0-6ce5a6d08826,1,credit_card,2,13815.78
49f71ac1-32b5-4a35-8256-28cffa478d5a,1,debit_card,4,11507.72
e597e67f-3b9f-4436-b0c9-ee7e5d25b51f,1,voucher,6,9522.2
7f897a3e-bc39-430b-a1cb-3683682cc548,1,debit_card,2,6876.88
8020ce08-6f3a-4450-8c74-304d936cefc3,1,upi,4,5765.86
425289f8-cf69-4c2f-834c-bd7b7491277a,1,upi,2,7237.13
81b097ae-fe6a-4749-b953-6acdbfd232dd,1,credit_card,3,2659.39
81b097ae-fe6a-4749-b953-6acdbfd232dd,2,debit_card,1,4723.09
68d095c4-75ec-4c11-8b93-934591b3c4bd,1,voucher,4,5097.39
01795a70-00c3-401d-bd63-d5268be2c3a6,1,voucher,1,6596.55
01795a70-00c3-401d-bd63-d5268be2c3a6,2,debit_card,3,5439.42
8ccfd15d-debd-4a87-a214-5c5a4dd5bd75,1,voucher,1,10944.98
8ccfd15d-debd-4a87-a214-5c5a4dd5bd75,2,voucher,1,2113.01
410235c3-1c6c-4b79-8867-7f30aeda9a01,1,debit_card,2,7338.92
ab5201e2-ae92-4d54-acdf-2169fdab9c85,1,upi,1,10023.6
344d10bb-fa5b-4223-839d-cb54e470b369,1,upi,6,17701.29
41fb6b3b-db2c-4d1b-aedb-98c4f0e5f33e,1,debit_card,1,10997.11
41fb6b3b-db2c-4d1b-aedb-98c4f0e5f33e,2,credit_card,5,1204.17
79d01051-fcfb-43f3-b61b-faa5bd94c44d,1,debit_card,1,7590.4
f6e4b516-9f2e-496e-bb14-8510a416892a,1,voucher,3,14598.61
b36808da-669a-47af-9689-ca436f6d6cf8,1,voucher,3,237.1
b36808da-669a-47af-9689-ca436f6d6cf8,2,debit_card,3,8759.92
2d189df6-807d-4a0d-a8d5-c005264c0ffe,1,credit_card,5,7695.82
63bb00e6-d173-4bdb-a8ea-e0c54acd6230,1,credit_card,4,1591.54
63bb00e6-d173-4bdb-a8ea-e0c54acd6230,2,voucher,4,11519.93
4157e1a2-67a3-4a6b-a87f-1e4bca792f2a,1,credit_card,6,7328.9
4157e1a2-67a3-4a6b-a87f-1e4bca792f2a,2,credit_card,2,38.92
d49de97b-ea2f-4bec-bfa9-f31545667d82,1,debit_card,6,9590.26
a45f8f98-6e10-4922-b4d2-27aa06bb3a26,1,voucher,6,3422.23
a45f8f98-6e10-4922-b4d2-27aa06bb3a26,2,debit_card,2,5074.62
77e923d5-7622-4a70-ac80-66d6905f87e7,1,upi,1,8700.33
34cd1cb4-4de9-41f4-adf3-599603b24ffc,1,voucher,3,1505.89
34cd1cb4-4de9-41f4-adf3-599603b24ffc,2,voucher,2,8431.9
baeea3c8-d3ad-48f0-9b6e-a563e50652e9,1,credit_card,3,4884.36
11d40c24-6bcd-4892-a63c-4012a2c72dd6,1,upi,2,8295.96
b99bfb8c-d618-46e0-9e0e-60c79d57c917,1,upi,4,5348.07
443e7c28-ffef-4700-ae6d-dd32812f83ea,1,voucher,5,5087.47
aa7c1528-5ae2-4bea-a74f-bc6cdba5c78c,1,debit_card,2,9781.53
aa7c1528-5ae2-4bea-a74f-bc6cdba5c78c,2,credit_card,1,1317.63
8ff2c01c-0381-44f0-9940-6a7be31b9238,1,credit_card,3,11618.68
12117f7d-24db-441f-8b97-f01716fd851b,1,voucher,1,7763.14
12117f7d-24db-441f-8b97-f01716fd851b,2,upi,4,413.96
9a9d185f-e813-4fc6-a18d-dedb276558c7,1,voucher,1,9837.17
8e8027a0-0902-4580-a560-440b490db9de,1,voucher,3,7062.11
051d5aee-67ab-4b08-b633-26d58e238e80,1,debit_card,4,4289.53
051d5aee-67ab-4b08-b633-26d58e238e80,2,debit_card,5,2659.45
264bd572-5dff-4c0c-addb-7c426c231a63,1,debit_card,6,6931.53
264bd572-5dff-4c0c-addb-7c426c231a63,2,debit_card,5,2113.39
fbd0c46b-3b91-4450-93ac-672ea832ae38,1,debit_card,5,3147.03
71df8f3b-917b-4a92-abc0-1af45ddb67d3,1,upi,1,6807.73
cd21f221-d217-4978-bf0b-4713c4f600ea,1,voucher,3,5113.94
f6acfd7c-7d0e-4d2b-ae4f-c66b3ab5dfb6,1,debit_card,4,4340.26
063e9607-0183-4906-93dc-0ffc2398019e,1,voucher,1,8471.88
063e9607-0183-4906-93dc-0ffc2398019e,2,debit_card,3,4250.97
ecf7df49-0924-4b02-82c9-a234c86544c5,1,upi,5,12036.57
a183bd7d-03a4-488c-9e40-37a790c168d5,1,upi,2,4662.46
9a91b9b5-5e3c-4df4-85df-1b892e80c469,1,upi,1,7432.46
2d53fee4-0376-4d83-8112-252594b35e8e,1,debit_card,4,2067.28
2d53fee4-0376-4d83-8112-252594b35e8e,2,voucher,4,4651.01
afd8eec9-c3c0-44ca-8b7c-87b79eeec076,1,debit_card,3,3352.34
afd8eec9-c3c0-44ca-8b7c-87b79eeec076,2,credit_card,2,228.78
ca8c86ce-8ce5-4e5c-9564-aa9dcefb42a1,1,voucher,6,8637.83
efca4dde-d4a7-4567-a9d6-15144d862c76,1,debit_card,1,5837.31
ea471146-4d14-417a-9ab0-d3d27d412a8f,1,voucher,4,9278.63
3be01ed8-b5a9-46ed-87b2-b87f0376c945,1,voucher,4,7001.85
7ed313a9-85e6-46c3-8d9a-2b8f9faf710d,1,debit_card,3,10774.2
7ac30b5d-b655-4ce2-9e20-eb25b076a3fb,1,debit_card,2,14038.55
0ffae363-b8d4-412f-b50b-982db16ed7dc,1,voucher,4,13091.74
4ed340f1-dc35-434d-ad1d-e197e2f0a1fc,1,upi,4,4733.71
4ed340f1-dc35-434d-ad1d-e197e2f0a1fc,2,voucher,2,2448.49
1da23a9d-2c52-4c1e-a83d-5ddecc24dc60,1,upi,5,7480.04
82dcb0c6-322a-42a6-8437-fdac9bc20bb5,1,debit_card,2,12039.09
a1d8992d-96e2-427c-9e7f-70eb26cd00cf,1,debit_card,5,4845.03
a1d8992d-96e2-427c-9e7f-70eb26cd00cf,2,voucher,1,5102.29
3721e0a9-1538-4359-bdf1-9e6a4a62dc4a,1,credit_card,1,12991.48
2b64ab63-daf5-4b4f-9e1d-116054f9c75e,1,credit_card,2,1859.03
2b64ab63-daf5-4b4f-9e1d-116054f9c75e,2,voucher,4,7935.85
759baa54-aa6a-4210-a9fd-3a88d8f229ba,1,upi,1,12447.89
8cc63a4a-c142-44cc-afb5-18102235e985,1,voucher,2,4134.25
ab6fba61-e45a-4f69-b03d-60316dc4fae7,1,upi,3,7929.89
b9d511ed-d6ec-4edb-8a05-190e3aa12270,1,debit_card,6,7612.26
b88a7bbf-2f4c-473f-b2b3-f85dffda5ca9,1,credit_card,1,1680.04
b88a7bbf-2f4c-473f-b2b3-f85dffda5ca9,2,upi,3,6035.14
683c6cd6-7c44-4313-a680-267b7155d77c,1,credit_card,1,12616.91
f98fd94b-5767-4a5e-9622-dbf4124e5145,1,credit_card,1,9911.82
f98fd94b-5767-4a5e-9622-dbf4124e5145,2,credit_card,2,335.65
9bce0a40-7522-4059-8cf6-4a278513ac8c,1,voucher,4,9775.93
a2d257a4-dbf2-49d4-85c9-fea9d6863014,1,debit_card,5,17212.81
3d007664-ecc4-4da1-9e0e-6955413c9f4e,1,credit_card,5,11419.37
15afb27a-de0a-44d3-9e81-5b999c98eaaa,1,upi,1,6536.11
f4078fd6-a985-4cc8-ab15-5b896038c8e2,1,debit_card,2,14781.93
35982f1f-386a-4640-95c3-4fb190a960e9,1,credit_card,4,11796.23
35982f1f-386a-4640-95c3-4fb190a960e9,2,upi,6,520.38
319671e0-9ad3-4399-86a5-e7a681197e3b,1,credit_card,4,9633.49
0d568548-598b-45da-a589-1ac4e3759073,1,upi,6,8420.76
1c1a7d46-c3e3-4ae1-9094-87850aac42f1,1,voucher,3,8148.15
0a81942a-cae9-49db-8ce0-7f36cd9e13f4,1,debit_card,3,1938.26
0a81942a-cae9-49db-8ce0-7f36cd9e13f4,2,voucher,4,7583.73
cbf1e0c9-aa67-4604-b743-dc997ad62b9e,1,debit_card,6,11348.15
3a332224-069f-4280-a257-b480ddef9694,1,upi,2,10566.73
09c5a298-cfe4-48e7-8999-2932cb14bfa9,1,upi,6,6941.28
3963ea01-3114-40c2-94f7-8cb18df2b01e,1,credit_card,1,8328.1
87c83f19-d363-4474-bedb-6f9c8efd8ab1,1,credit_card,2,5416.72
db67f823-a20b-4e40-afdb-80fe7425453c,1,voucher,2,11757.06
056c0e92-53ce-4d99-9975-187665f2a8e9,1,credit_card,3,1335.62
993142d2-4e9a-495e-9075-2848f839fc31,1,debit_card,5,11287.11
cc470e7f-5369-431d-a67e-1190422495a7,1,voucher,4,9805.55
be1679b9-94ce-44d5-8c0c-4743b444ad9d,1,credit_card,6,8147.45
63fb52a8-480b-4125-9e32-96ae9089637b,1,debit_card,6,3616.06
63fb52a8-480b-4125-9e32-96ae9089637b,2,upi,4,5479.26
5997bf33-3416-4bd7-a299-f935ff4d8830,1,credit_card,3,5042.36
5997bf33-3416-4bd7-a299-f935ff4d8830,2,upi,4,3752.31
b69c216e-f68f-4197-a262-f53a68ab298f,1,debit_card,1,8161.81
cd9c4683-8a70-44f2-a67a-7d5517ff44a7,1,credit_card,3,7213.52
fb11ffd9-e313-4f0c-9c93-ddc90313b40c,1,upi,4,10543.74
d57e5276-2739-4b2c-a100-9291f299fe4b,1,voucher,6,10393.89
a16a972b-9477-40eb-beea-26dcec67d0c3,1,voucher,2,9639.54
83020449-e973-4a23-8b23-06c7ba911d27,1,voucher,6,7131.94
b070818e-2586-4e39-becb-2effcdb0ecae,1,upi,1,8944.14
a7037725-7101-416d-b8cb-87eeaff3cd97,1,debit_card,4,6100.7
8f6f2f25-469b-4269-af77-155ed336235a,1,voucher,3,9382.88
c51ded04-a142-4167-b0e5-bb4af7ffea17,1,credit_card,2,8917.81
18b3c723-5335-437b-89fc-21638f78998d,1,voucher,3,13208.52
011e81ed-7ca0-4928-83f5-2c6f1f697b29,1,upi,4,6607.78
0d0eb1b0-fcea-4276-b286-23b50d0c2a03,1,credit_card,6,8832.4
be4a5121-2d61-4e6b-a9bf-b2363829e231,1,debit_card,5,8887.05
bc021a42-7975-4030-ae55-9fefcf1fb6d6,1,debit_card,1,11461.24
eecbdd90-3980-40da-9969-b3d374c279a1,1,voucher,5,11176.38
cb802962-8d09-4f03-b8de-bed91f8652eb,1,upi,2,9076.85
3425c5ac-564f-47fa-ae11-05afda088652,1,debit_card,5,7156.29
47df76de-cf0b-4c82-ad79-ea0bf37b0aec,1,upi,4,10743.89
8502dda9-ed0e-42d5-a8f4-c8ff0c9904e2,1,credit_card,4,4680.23
8502dda9-ed0e-42d5-a8f4-c8ff0c9904e2,2,debit_card,5,2226.55
98bb9d3e-9bc9-44ef-b5cd-3aceea08048c,1,credit_card,3,8992.75
d4574f35-7ba1-4a5e-9f20-c7585a0b89c0,1,credit_card,4,6973.59
7763213f-ffc7-453d-ba4f-1e4638f9db2f,1,credit_card,4,559.52
7763213f-ffc7-453d-ba4f-1e4638f9db2f,2,voucher,4,4199.6
c6fc2242-d50f-4b8e-87a0-c3e61d46f6ed,1,upi,3,892.18
c6fc2242-d50f-4b8e-87a0-c3e61d46f6ed,2,upi,4,9770.5
213d22cb-96f3-4740-a53c-605acda298ca,1,debit_card,6,4612.99
3fd8787e-01c7-4d69-bed3-eadb08e0208c,1,upi,6,9155.49
d60ff368-0996-4a6b-8dc9-5edcc978f32a,1,debit_card,4,2332.53
d60ff368-0996-4a6b-8dc9-5edcc978f32a,2,debit_card,1,6667.67
667417e7-cea1-4425-886f-098f8ecff44a,1,upi,1,2281.28
667417e7-cea1-4425-886f-098f8ecff44a,2,upi,4,9580.09
749598c6-d121-44c7-ae1b-a7824c02f712,1,voucher,1,4070.86
83a49299-5f80-459c-92e4-32f72a8c201c,1,credit_card,1,8034.63
397d6c28-04f4-4356-9047-2888c4f3f7a1,1,voucher,1,13268.05
0ba66a47-7cd8-4d9d-a1ae-5de396c53653,1,debit_card,5,4054.09
0ba66a47-7cd8-4d9d-a1ae-5de396c53653,2,credit_card,4,1989.68
4576b7ba-b804-481a-b0a9-b93a118c2980,1,upi,5,1309.61
4576b7ba-b804-481a-b0a9-b93a118c2980,2,debit_card,1,9780.42
dfe7a7a7-65a7-4453-a893-e5f414b87adc,1,voucher,5,12470.97
774432f2-be33-440a-9b6e-9172929c9577,1,debit_card,2,6958.25
774432f2-be33-440a-9b6e-9172929c9577,2,upi,1,2417.39
87d60531-7685-4ffb-a191-75a5aba21f81,1,voucher,1,5011.56
87d60531-7685-4ffb-a191-75a5aba21f81,2,debit_card,6,5501.38
427a9683-845f-4107-82ba-e93c59c87124,1,voucher,1,7924.46
ee926973-26b4-4b2a-b549-2a9263adcb35,1,upi,6,8031.06
d8a5c5bc-4ff4-4194-b638-d3d7ebfe1edd,1,debit_card,2,6975.61
d8a5c5bc-4ff4-4194-b638-d3d7ebfe1edd,2,debit_card,6,4214.99
142f89fa-dbb2-40e7-a2f6-5694dc50f8c5,1,voucher,2,5814.71
1090f85b-e212-43f0-8418-99989847f689,1,upi,6,2546.59
ccdf53bf-529f-45de-a7ea-0f9025992e01,1,debit_card,1,13340.58
abfacf5f-1188-460b-958e-649560c77207,1,debit_card,5,8346.15
a9be8411-2f24-4ce0-962d-7a81a45a76e6,1,credit_card,1,3836.7
a9be8411-2f24-4ce0-962d-7a81a45a76e6,2,upi,1,3227.13
010c5973-ce35-48d6-8570-1e7e13741e42,1,upi,1,11552.08
085cd9de-7bac-4f5a-a085-71146763f32b,1,upi,1,9474.43
c8ab879c-5aa4-4ce6-9c7b-662bf72c474e,1,debit_card,1,9476.54
b00d6529-f59e-44be-84fa-89d2cf77a1a4,1,voucher,5,2359.48
b00d6529-f59e-44be-84fa-89d2cf77a1a4,2,credit_card,4,2666.91
80eeea21-3919-49b2-8966-f093ddcb67ae,1,debit_card,1,2806.84
80eeea21-3919-49b2-8966-f093ddcb67ae,2,debit_card,1,3136.58
43e4fc82-ad90-4019-b961-14a39ce55ff9,1,upi,4,4119.77
c570feab-9a08-4700-b4c2-209429394025,1,debit_card,6,10220.91
faa4fb39-f4e2-417b-8435-cf66b4c2bcea,1,credit_card,1,11787.17
73bbf090-0938-42f4-8f58-195136e92e32,1,upi,3,4186.05
4a1bd858-bbb0-4a6a-96a0-0c6f0fff7e91,1,upi,4,4651.72
7c18c8d7-9945-4d77-bc8d-19d985a31798,1,debit_card,1,1601.48
7c18c8d7-9945-4d77-bc8d-19d985a31798,2,debit_card,4,9974.42
90b610d4-d8f5-48c6-9eb6-fab2cdd2e198,1,credit_card,5,5137.09
c96a7f5b-d541-4322-88cc-efa062443e01,1,upi,2,6958.18
5fc2d55f-770c-4ee8-88c7-211f2c1814b0,1,voucher,5,8862.94
ac66b8b5-0f18-413b-ba71-3b5fb4282cb7,1,credit_card,6,5322.22
ac66b8b5-0f18-413b-ba71-3b5fb4282cb7,2,upi,6,2281.3
6144bea4-624d-4560-9a67-2856f838f064,1,voucher,4,7907.53
f9bb8250-3c10-4df4-b4e4-3877d9d3cb10,1,debit_card,2,6535.06
687c27ba-9417-4674-925e-1eb41aa5667f,1,credit_card,4,7562.27
0fa01243-fa24-49c1-82ef-87e03cbe1338,1,credit_card,5,9650.22
dd403141-0699-49da-b804-cf678fe57769,1,credit_card,6,10348.49
d39607c4-73da-4a33-88d5-284ad5200cd1,1,debit_card,4,13920.22
27e64358-6298-48a0-b34a-394645f57525,1,credit_card,3,1102.79
27e64358-6298-48a0-b34a-394645f57525,2,voucher,1,4084.53
4521396c-4ad0-4ff2-82f4-7e25227e5c41,1,credit_card,5,13075.18
3799a1c0-ee66-45a0-b63f-36c78869f7bb,1,credit_card,5,5259.52
3799a1c0-ee66-45a0-b63f-36c78869f7bb,2,upi,4,2893.24
59dfe0c3-cd7f-4eee-a5de-fc515513feed,1,debit_card,1,5491.49
3f17b11d-d1b3-4490-b182-dbdc82cb1c30,1,credit_card,6,3659.68
3f17b11d-d1b3-4490-b182-dbdc82cb1c30,2,debit_card,2,1892.99
bd576c90-a1f0-4dce-8d6a-1d562cb233c2,1,voucher,3,11226.72
ad86a0c6-fb48-4c9f-8c6b-e8b0feef0748,1,credit_card,1,7123.53
08f62f23-ab78-45a8-9cd6-68cab0e09a71,1,upi,6,7997.78
89219b24-f6d3-4449-ac24-296c9302e6f1,1,voucher,2,7549.11
03b04e9d-89a3-456a-860a-91e89c31c78e,1,debit_card,4,8069.9
aae681ff-b2f8-4f88-98a5-1bf5d19ac9a3,1,debit_card,1,6128.13
97d87416-dbdd-4b98-a763-c9731b5edcac,1,debit_card,6,9489.2
13230f85-58d5-41a5-9077-f84044938949,1,voucher,1,8522.68
b0cb4ca3-1f53-42a1-8cab-cb8f3a0b85be,1,debit_card,3,9740.93
23c8d239-bee2-45a0-af67-4c272e68fe72,1,credit_card,2,6729.75
a030c816-8387-4350-921d-f3ee8dc2bbea,1,credit_card,3,4999.74
a030c816-8387-4350-921d-f3ee8dc2bbea,2,credit_card,1,3802.35
41621b86-ed49-435b-af89-b4466ad7e98c,1,debit_card,3,5510.98
2802bc90-7a4d-4b72-b05c-f83cbc4c42a5,1,upi,5,5103.91
83ddb632-291d-493a-9e1b-eb653c74ff73,1,credit_card,2,8997.52
aecf0665-4b9c-4d1d-ab34-29b92688dd08,1,debit_card,3,9471.35
b0871789-af20-4e09-9d66-7a24feaf661a,1,credit_card,6,7407.59
b0871789-af20-4e09-9d66-7a24feaf661a,2,debit_card,5,1872.54
eeccdc65-b2f8-4dde-a7c8-2ac07c603a1a,1,debit_card,1,3024.75
eeccdc65-b2f8-4dde-a7c8-2ac07c603a1a,2,voucher,1,5438.51
b0ec2e11-8e90-4f6d-8bd6-7ea5b74be705,1,voucher,1,6735.38
3c00d79e-c0a5-4f9e-b44d-2fa7e811a99b,1,debit_card,3,3123.16
3c00d79e-c0a5-4f9e-b44d-2fa7e811a99b,2,credit_card,2,3308.95
a6184131-de9c-45da-8f48-ebaabf3e40d9,1,credit_card,5,7224.48
807c2557-2482-4520-8c4c-ef85f2268a11,1,credit_card,4,3270.63
36c5fe40-6846-4f5f-ab76-042001168072,1,voucher,3,7708.33
b5fea206-484b-4e96-ace7-852d8c9967c6,1,credit_card,3,12828.28
a3c21b7d-0863-49d9-b579-e3726991bc98,1,upi,1,10119.51
9885c656-1d19-4eb9-a103-4cdd4dab7ef6,1,upi,2,10284.07
77224cce-02cd-487b-bf18-c2b45529c6fb,1,credit_card,6,8383.7
77224cce-02cd-487b-bf18-c2b45529c6fb,2,credit_card,4,7387.83
794df75b-8467-454a-b3e0-0816d1e0cad8,1,upi,2,6715.84
375f35a6-432f-43a2-a78a-deb7e5c9e6ea,1,upi,4,2864.24
375f35a6-432f-43a2-a78a-deb7e5c9e6ea,2,credit_card,6,2150.74
f8f0ec09-9de3-403a-869b-2978bfada1fe,1,debit_card,5,8234.07
f8f0ec09-9de3-403a-869b-2978bfada1fe,2,upi,4,120.57
9baf279e-0775-48a9-a589-b5ad8b37fa43,1,upi,1,2354.68
9baf279e-0775-48a9-a589-b5ad8b37fa43,2,voucher,2,2941.37
1e0d0ac1-ec9c-4914-a79a-9d8bf210c516,1,voucher,2,1339.61
1e0d0ac1-ec9c-4914-a79a-9d8bf210c516,2,debit_card,3,2474.24
4ca54ed4-c8b3-442b-af3c-a35c8ddf69fc,1,voucher,5,4393.32
01248d7c-1752-4c82-8fc6-1a467117613b,1,debit_card,3,5091.36
6ac2aedc-0728-4154-868e-6fe8354b7b7b,1,credit_card,6,6929.65
4d0bb271-b311-4bb5-876b-9fce19568f77,1,debit_card,6,9063.39
f831060d-741a-4a1e-af10-640b34cd70f6,1,voucher,1,5601.39
f831060d-741a-4a1e-af10-640b34cd70f6,2,credit_card,4,5300.02
aa58a592-21a9-4330-bd98-c9eec25fe355,1,upi,6,1341.6
aa58a592-21a9-4330-bd98-c9eec25fe355,2,debit_card,6,4557.23
5723961d-d2a3-4c99-a5a0-5606e85d16ad,1,upi,6,11693.47
193e28c0-b50d-4a2b-b0eb-7797ff35d88b,1,credit_card,6,8548.17
193e28c0-b50d-4a2b-b0eb-7797ff35d88b,2,upi,2,188.57
0a9c052b-15a9-480a-9ccb-6b03e8de0b3b,1,credit_card,2,594.29
0a9c052b-15a9-480a-9ccb-6b03e8de0b3b,2,upi,6,6101.89
9ccd791b-3adb-4336-9642-c86d88257254,1,credit_card,6,8173.83
c09a6a57-8d38-43cd-ae7b-7b8a56bf01c8,1,upi,2,7156.18
c330c094-cf8f-409b-91ea-eb6892fd6210,1,credit_card,5,9094.75
b7d4fd16-6de1-4733-ade2-0db8e67d72ed,1,upi,6,10247.14
5311a793-7b99-4446-83ea-6e428dffe9be,1,credit_card,4,11164.06
dea418c1-8142-4692-9c34-55fa967fcdff,1,debit_card,2,6243.47
71376a03-ae26-43ce-b53c-87f641edec64,1,upi,2,5390.64
f47d8db2-a089-4337-8973-6cc3a19289a6,1,credit_card,3,8410.83
f47d8db2-a089-4337-8973-6cc3a19289a6,2,debit_card,4,2633.57
34838b81-79ce-4f08-9b35-fa125f47e988,1,debit_card,4,8339.8
f7d77f43-cbe9-4fb1-8b5a-12b9907b3036,1,upi,6,9288.19
f7d77f43-cbe9-4fb1-8b5a-12b9907b3036,2,upi,2,1437.86
94ed9ce3-8648-49c9-9b92-483c42516240,1,debit_card,2,8473.65
f62cdccc-016a-4026-8318-8ea65f18e258,1,upi,4,174.88
f62cdccc-016a-4026-8318-8ea65f18e258,2,voucher,3,11836.2
bde35d7d-c513-4671-892e-1d1affb5308d,1,credit_card,3,9936.04
ae107a29-560c-4b73-aa96-55e0984416f2,1,voucher,4,8581.6
60eb08ad-9f90-4892-8074-9f2f7c0fca6b,1,credit_card,1,11048.91
833fb1c6-bc92-4562-997a-8cc694e03e2d,1,voucher,5,3066.74
833fb1c6-bc92-4562-997a-8cc694e03e2d,2,debit_card,2,3038.44
951ffdd4-4b5d-4300-bcb2-fa45595e4e68,1,credit_card,3,4972.53
67e54261-b8ca-4b6f-93c2-48185c261be7,1,debit_card,3,9934.48
93b53913-4470-4797-9857-9431098e536d,1,voucher,1,10486.27
a2d1ca75-a129-429b-9e53-bfc3da82aa4f,1,credit_card,5,5674.53
5655278e-6f63-4f3c-9805-7fa488aa0511,1,debit_card,3,10457.28
3c4f0d6c-d952-4223-a61a-4cd0429e14ef,1,upi,4,5236.16
3c4f0d6c-d952-4223-a61a-4cd0429e14ef,2,upi,6,5146.53
3e412ec6-a3ac-464d-ad17-37a3f49bf0b8,1,voucher,4,6890.69
59bb801d-f728-46a0-935a-d2078b23f5e1,1,upi,4,8899.32
2a428b8c-e02c-4f9d-8b35-d3d505c76767,1,voucher,2,10193.54
f83d754b-c5e0-46e9-9711-7297235aaa25,1,upi,6,7037.19
6a349700-205d-4aae-a5ff-4f56b4bf0403,1,voucher,2,13169.58
c9b0a661-fca7-42ea-b9de-04eb8d52dfac,1,upi,1,3122.28
c9b0a661-fca7-42ea-b9de-04eb8d52dfac,2,debit_card,6,4290.31
24096347-8b3d-4c8e-87aa-068e3d88dfae,1,debit_card,6,8541.98
a9aa9a59-9eb7-4a7c-9c5e-d26925968317,1,debit_card,6,5706.71
957e29ea-f467-42cd-93d5-986976adf58c,1,debit_card,6,8902.69
957e29ea-f467-42cd-93d5-986976adf58c,2,voucher,1,3400.21
27b781d9-ece5-47b8-9f71-aaadf5e313d4,1,credit_card,2,6572.54
fa1d3b68-3a1f-4524-b1f5-93233def0088,1,debit_card,2,10466.42
e1df736a-fa7e-4623-b8e5-ee3795e611b9,1,upi,6,1666.81
e1df736a-fa7e-4623-b8e5-ee3795e611b9,2,voucher,5,6754.31
e45dba9d-1438-43bb-8523-0035bf3a94ce,1,upi,1,10304.28
3c8b4701-817a-43ce-9166-3b79c1305be8,1,voucher,5,8811.84
8e590791-77c4-45e5-84d3-ddbd83d48cfa,1,credit_card,4,11104.02
81575983-910f-4e0b-bbe6-ec9228338a2a,1,upi,1,5390.23
d7841249-a5a7-4cb9-ba03-252ef89e2a55,1,debit_card,6,3343.0
d7841249-a5a7-4cb9-ba03-252ef89e2a55,2,voucher,3,11491.29
d7c5c95c-1ea7-40a8-98dd-51ec5ac5fce5,1,debit_card,5,7536.96
d7c5c95c-1ea7-40a8-98dd-51ec5ac5fce5,2,upi,6,3922.7
0bdd5210-ffd1-4bfa-9448-e35382e2b4ad,1,debit_card,1,13312.98
13a1a6e8-5659-437f-a46c-3feaa15fa6a4,1,voucher,5,7129.45
69d1228f-73f3-4eac-8c3e-5c9cb8991e8e,1,upi,3,6140.43
7de0a195-8a52-430f-82c1-0d74c15b8b56,1,debit_card,3,12663.69
ff237cb5-f0e3-4c6f-97d1-24d502cdcf63,1,upi,5,7170.95
096db248-d6dd-4ace-9482-efb0cac7a05e,1,voucher,2,13887.33
6c6d4482-860e-4a1d-ae70-f3daa93aff09,1,credit_card,6,5161.18
fd02581e-c72b-4b6b-9285-88791e8f8092,1,credit_card,5,7883.37
a5372978-71d4-48ed-81b8-4db422e96fd6,1,upi,4,7107.92
7ba078a6-5191-41ee-acbc-2f96e973eb7d,1,upi,4,6338.46
6797a073-11ea-4ed6-8a80-94b217ced96f,1,credit_card,1,13870.59
35b755d0-821c-4ea0-a4dd-047fc466613a,1,voucher,6,4018.13
35b755d0-821c-4ea0-a4dd-047fc466613a,2,upi,2,2739.73
e569446d-d04e-465e-b541-cc782c978bf9,1,upi,2,5505.92
e569446d-d04e-465e-b541-cc782c978bf9,2,debit_card,1,1506.33
43580f83-9955-498a-aaee-6cc091e8309f,1,debit_card,1,7319.69
a72eef88-8f6e-4413-99df-c23246b32aaf,1,voucher,1,534.06
a72eef88-8f6e-4413-99df-c23246b32aaf,2,debit_card,6,11471.63
92042c50-4f92-4ee6-85b1-15c477b67808,1,voucher,2,2196.79
92042c50-4f92-4ee6-85b1-15c477b67808,2,credit_card,3,4621.81
05fb16a0-0102-460c-8d58-0b9b67297e10,1,credit_card,1,10217.23
8cf9a5c2-3cae-4f6c-a5e7-edbf6597fa0d,1,upi,1,5661.44
0d4e452a-e09c-44fb-b92d-ea9a20ca5507,1,debit_card,5,8826.15
a47d66fb-1193-49b9-9ae8-51a208ea364a,1,credit_card,4,13219.14
09f26a7b-71f3-4635-8eb0-327ebec13b5c,1,voucher,3,10125.92
75052880-8219-403e-bdfb-70c60b31f9ec,1,credit_card,5,13629.63
4558ddad-3c57-4ca1-ac82-a158cf2a38ac,1,upi,5,4840.35
4558ddad-3c57-4ca1-ac82-a158cf2a38ac,2,debit_card,1,3091.87
832b5768-2d3f-4bcd-b2e3-c040c85215d1,1,debit_card,3,10050.11
b8c27316-78e6-48c6-b071-3132461820c6,1,upi,1,9273.51
e2b6ed91-22ba-4bd1-8917-e87b83e82c17,1,credit_card,6,5607.51
e2b6ed91-22ba-4bd1-8917-e87b83e82c17,2,credit_card,6,6178.55
19ba583c-1e61-4837-8b27-6511958df7f3,1,upi,2,8409.84
c3e6d567-b443-4a4f-bb66-00a3ea592468,1,upi,6,4668.56
9d05cc50-3bd1-4faa-a23e-4fb10344909e,1,upi,2,13818.25
932c5ec6-0021-40a0-ae6c-738cd7ea276f,1,upi,2,12150.31
4e3062cd-5d86-43d3-bda1-f08dbe9ad93c,1,voucher,1,8178.36
7906827a-d3ab-42ee-af00-5db81c9eaa7c,1,voucher,2,3915.41
7906827a-d3ab-42ee-af00-5db81c9eaa7c,2,upi,1,2496.26
3fbea99f-b306-4dcb-b0d2-4b4a3090e98c,1,upi,3,3210.94
9d871a01-bd34-4aab-953e-ff9f1ca6c53c,1,debit_card,6,521.69
9d871a01-bd34-4aab-953e-ff9f1ca6c53c,2,voucher,2,2328.69
af754fad-2e5e-4066-ae2d-e867227ef12e,1,credit_card,2,3107.49
af754fad-2e5e-4066-ae2d-e867227ef12e,2,voucher,4,3700.12
709dad21-1690-423b-b47d-288f47c8cb78,1,upi,3,10623.01
661619b0-3845-4454-9d94-857aeb3ef16e,1,upi,6,9546.99
f6db68f5-417f-4af3-a559-53c82436fd9b,1,credit_card,1,10516.58
7909ca61-08c7-4279-ae0d-7f71e40b09c9,1,upi,1,5341.82
9322e979-2063-4b04-a8ee-ce68ef5d59cd,1,voucher,1,9714.84
97d56362-cc51-462c-860f-217d1d446cf5,1,upi,6,4961.82
afe893eb-806e-4773-b851-719bb1b066f8,1,debit_card,6,5604.41
1a2a14a1-5ab9-489e-87fd-6ddee02536e4,1,debit_card,4,3397.84
1a2a14a1-5ab9-489e-87fd-6ddee02536e4,2,upi,5,7539.01
2848b020-20d8-4f1d-ac1d-9c16a94fdfd9,1,upi,4,1279.03
2848b020-20d8-4f1d-ac1d-9c16a94fdfd9,2,voucher,2,11293.28
64398720-7731-4c29-9885-91e8e88bc3a9,1,voucher,3,4783.42
64398720-7731-4c29-9885-91e8e88bc3a9,2,debit_card,3,4724.54
7eb918e3-a95b-4905-ac67-e3efd9316629,1,upi,6,953.79
7eb918e3-a95b-4905-ac67-e3efd9316629,2,credit_card,2,6121.64
99b64e05-f9db-4b18-af6e-9c532cd975a0,1,debit_card,4,7243.29
f45d6cb3-32b4-47b8-8432-99b7f2b76fcb,1,voucher,1,3025.19
f45d6cb3-32b4-47b8-8432-99b7f2b76fcb,2,credit_card,6,3887.97
98c90905-8b16-41f4-b084-790e7262fb13,1,credit_card,2,9774.43
913f8c96-aa20-4fd2-9e19-c2a71f39c1cd,1,credit_card,5,11074.87
913f8c96-aa20-4fd2-9e19-c2a71f39c1cd,2,voucher,4,699.98
9007a238-b034-4445-93e8-26541e34c480,1,upi,1,7274.16
9007a238-b034-4445-93e8-26541e34c480,2,upi,5,6783.96
b2ab81fe-0333-412a-a632-50e6d982c40d,1,upi,2,9773.08
8545db97-0292-4cb8-aa25-3bd5d3973436,1,credit_card,2,3560.05
670e58fb-f303-468a-9a7f-de99a18595de,1,credit_card,3,3270.01
670e58fb-f303-468a-9a7f-de99a18595de,2,credit_card,3,3199.45
8d297afd-cbd7-45aa-b66a-8731ee48cc95,1,debit_card,5,10116.6
37a3fdc9-4fa2-4abc-aa5c-387b93a1d512,1,upi,1,3513.23
6b073901-b683-4f3d-8a46-b84510c231d4,1,voucher,2,9464.45
cad91d21-cbe5-4603-9037-c0f4ced14666,1,upi,6,13180.11
0eabb906-ca6a-4515-9609-e4b15b76c5df,1,credit_card,5,1815.23
0eabb906-ca6a-4515-9609-e4b15b76c5df,2,upi,5,4681.55
5ac3239e-0a1b-4f66-9fa5-13075c12ecaf,1,credit_card,4,7794.84
66967626-9e81-46f8-80fc-a898c21662d5,1,credit_card,6,1179.34
66967626-9e81-46f8-80fc-a898c21662d5,2,debit_card,4,5717.41
ce0fad6a-ee98-4dd6-9087-9bae8a2030d6,1,debit_card,3,4511.04
3bb56358-9c50-41d1-baff-407caa4c226c,1,credit_card,1,4926.21
515a4811-1f7d-4391-8011-79d4dfbd629e,1,credit_card,6,12129.55
4ea98644-6160-4abc-8189-e8511a034201,1,credit_card,3,16099.11
7175924c-aab9-4bd0-98aa-16052117f21c,1,credit_card,1,14370.05
a631bb43-086b-416c-af1a-35230fee7514,1,upi,4,1381.89
a631bb43-086b-416c-af1a-35230fee7514,2,credit_card,4,10290.33
f93515c6-76df-4b9b-be61-02ada89239f0,1,debit_card,1,1097.3
f93515c6-76df-4b9b-be61-02ada89239f0,2,credit_card,6,8367.74
d1b6b718-7d86-4180-938b-cec394eb5fba,1,debit_card,3,7091.8
8d113618-8e04-402a-b8df-ca1d75b13891,1,credit_card,5,5902.76
9f087d52-92fe-4ccb-bbdc-a19375927d25,1,debit_card,3,3896.65
9f087d52-92fe-4ccb-bbdc-a19375927d25,2,debit_card,2,6228.58
ee798edf-0977-4842-b289-d0634e216d2f,1,upi,5,12364.25
16a824ca-ef28-4df9-97e2-78e947b833e8,1,voucher,3,2403.7
16a824ca-ef28-4df9-97e2-78e947b833e8,2,voucher,5,6027.53
0a96d63b-332b-4e71-b28b-18ed85ef72c4,1,upi,2,9263.06
31e2faa6-dee9-481d-9f45-91f65785ae70,1,credit_card,3,9015.68
4ca3e4ce-695c-479e-9e37-eacd1acf2415,1,voucher,1,14415.61
031c4ef6-69e2-406d-8fb8-5b54c2c10b94,1,voucher,4,5748.56
031c4ef6-69e2-406d-8fb8-5b54c2c10b94,2,credit_card,1,1649.84
f26a0efe-9a8f-4e7f-9987-ae13706e7a75,1,credit_card,1,1189.14
f26a0efe-9a8f-4e7f-9987-ae13706e7a75,2,debit_card,2,12312.58
fc6f94f0-cdd1-40c5-847e-45331daed7b8,1,debit_card,6,12123.47
f642951f-efe2-4780-a4c6-457451b8f54d,1,credit_card,3,9486.25
1656ee9c-fe96-4816-ac35-6718b2d2f4be,1,debit_card,5,9050.05
1656ee9c-fe96-4816-ac35-6718b2d2f4be,2,upi,4,970.33
e1311518-efe5-4529-836a-e6e33dbaf769,1,credit_card,2,5589.99
32c1dda2-87d9-434f-85e9-fe9989339af9,1,upi,3,4474.03
7fc5a353-67f0-41f7-b414-2f4ddb178533,1,upi,3,1208.38
7fc5a353-67f0-41f7-b414-2f4ddb178533,2,debit_card,6,8627.49
c4711911-0960-424d-8b76-b950d12be78d,1,debit_card,3,8457.83
eb944712-5139-484f-9ac3-809e37214199,1,voucher,6,12104.43
8224468d-1c03-4548-aad9-523fc99ddd0b,1,credit_card,6,5083.81
d34d0243-553c-474f-92ac-2498134f731c,1,credit_card,4,13920.56
cfb2d08e-934f-42b4-b5d6-a4d84974d197,1,upi,4,6716.74
5bba192f-3eb7-44ab-b729-bc0d6866943f,1,voucher,5,1306.34
5bba192f-3eb7-44ab-b729-bc0d6866943f,2,debit_card,1,5296.09
0c1a5bee-6e23-42e0-bede-1285a2cfe41a,1,upi,2,8101.49
0c1a5bee-6e23-42e0-bede-1285a2cfe41a,2,credit_card,1,2685.45
456d6dd6-e9ef-41d1-a148-9c37a7a74571,1,credit_card,1,7193.41
11ce373a-a442-47bd-98b2-71e2a10b93d5,1,debit_card,5,9537.92
cd576673-02dd-4331-98e1-f8ac0951f2df,1,credit_card,3,6764.68
80824cd0-ffb8-486a-98c0-87403b9673b3,1,debit_card,6,1948.13
80824cd0-ffb8-486a-98c0-87403b9673b3,2,upi,5,5305.91
24a168d6-a3ba-439c-a44c-2919a5631865,1,voucher,2,2915.84
e9a3c517-6f84-474f-b502-fd309f0275d2,1,upi,4,9028.64
e9a3c517-6f84-474f-b502-fd309f0275d2,2,upi,5,377.03
c1979e0f-5b69-4350-8a9d-3679ac259d27,1,credit_card,4,8448.35
c1979e0f-5b69-4350-8a9d-3679ac259d27,2,debit_card,2,2499.59
a749ca0f-dddf-4ec1-acbb-8ce963524138,1,credit_card,2,3943.67
dda1b8db-f410-43a0-b911-c4db9c0ecdca,1,voucher,5,9876.24
dda1b8db-f410-43a0-b911-c4db9c0ecdca,2,debit_card,6,251.08
20dc54d4-c398-4459-834d-de5d33e1d929,1,debit_card,4,8694.92
41c4e75d-a1da-464e-99a2-e6d7b97c220e,1,upi,1,14216.83
8a605b8e-14fb-4a0e-b136-27b338c8dea9,1,voucher,6,10789.9
f3d5d57a-49f6-4465-bddd-3816ff4ac32f,1,debit_card,6,6774.67
189cd738-af34-4694-9a31-8f5da05f520c,1,voucher,2,7930.17
189cd738-af34-4694-9a31-8f5da05f520c,2,credit_card,3,154.01
808e64e0-1841-4202-b56c-42ba1b04c94a,1,credit_card,4,4219.8
dde55c44-0cb0-4a17-94b9-b97791e18274,1,voucher,3,10557.02
764bd013-dba0-43fb-a7ae-b499678cac24,1,voucher,2,508.73
764bd013-dba0-43fb-a7ae-b499678cac24,2,debit_card,3,12134.65
d748798c-b36f-4156-adc8-76de330e424c,1,credit_card,2,6238.38
8fa74e85-4a11-44f8-b02f-4b2a97cd3742,1,upi,6,8194.07
404e6444-66bc-436f-9c26-d218e80b0a1c,1,debit_card,3,10137.27
404e6444-66bc-436f-9c26-d218e80b0a1c,2,upi,3,2019.76
8424e64a-8828-4d2e-9755-9cd863360e60,1,credit_card,6,3298.94
4fe9efdc-f3d6-4ba6-8681-1151df8bbdf9,1,voucher,4,7640.38
f60ab2b7-1072-400d-a4ec-add919a68e06,1,voucher,3,6171.01
4bcd66ae-963a-4ea2-baa1-53603d49940e,1,credit_card,2,9723.64
403ca070-ccc0-498b-b54c-e680ef7733be,1,credit_card,3,11222.77
403ca070-ccc0-498b-b54c-e680ef7733be,2,upi,5,3034.88
6380d61a-416a-4264-ac4f-1c927e281475,1,upi,3,5909.2
6380d61a-416a-4264-ac4f-1c927e281475,2,debit_card,6,1996.39
f890b04d-6d04-47ff-9199-c69c086a610e,1,voucher,5,13147.19
f8ef4312-dc56-4d4a-9c02-1040213bb91d,1,credit_card,6,2906.95
f8ef4312-dc56-4d4a-9c02-1040213bb91d,2,debit_card,1,7436.08
3facbbb1-d4b0-47d3-83b2-a1894fd509e9,1,credit_card,3,10004.49
7e33418f-8ffe-4409-9471-5f3fd5176b8c,1,upi,2,6694.28
32d254ec-3159-4863-9db1-dcba8ed43625,1,debit_card,2,4549.28
27dd0126-15ba-4e08-9496-149b96c6335b,1,debit_card,5,1813.02
27dd0126-15ba-4e08-9496-149b96c6335b,2,debit_card,6,6011.31
c66f4f92-7ea7-4855-a379-1ec9af9a5618,1,voucher,6,15623.83
077de371-f15c-45b6-a6bd-978808420738,1,upi,1,12090.8
32ea8fea-3852-4dd6-8f3c-6b750be1082b,1,credit_card,6,6910.21
44267511-bb0c-4be4-b7c0-d373a72df343,1,voucher,5,3506.38
44267511-bb0c-4be4-b7c0-d373a72df343,2,voucher,6,1401.9
67292e7c-3727-49f7-8c5b-40abd23fefae,1,credit_card,5,15414.4
999d63c0-5fdf-4d58-b42e-999c853a9359,1,upi,5,7556.95
2f5f8c4e-6734-46f9-88fa-a06428917a66,1,upi,4,9676.38
ffcdbdc8-04c1-4873-a124-296fd7c0a26b,1,upi,4,7812.21
ec2edb4e-fad6-4169-a9d3-a06f669e3dce,1,debit_card,2,1812.36
ec2edb4e-fad6-4169-a9d3-a06f669e3dce,2,credit_card,4,1730.2
2155a2b4-f701-4010-9ce0-0d90753f2dc3,1,credit_card,1,11946.13
d281d3df-89dd-4810-a153-7229d66b4c74,1,voucher,3,5673.34
d281d3df-89dd-4810-a153-7229d66b4c74,2,voucher,1,2181.33
716849ab-d789-411a-84df-7825f1d389d6,1,voucher,5,5583.32
b1b866c1-41a6-4c90-b8a4-7ea7872c5d7e,1,credit_card,1,133.83
b1b866c1-41a6-4c90-b8a4-7ea7872c5d7e,2,upi,2,10195.12
9a753d11-22e7-4d8b-a488-ef803e5c9bc0,1,credit_card,5,10139.21
0d32aafa-eded-4134-bac1-761d2b04570e,1,debit_card,4,9312.37
eefb42b9-84bb-4835-b3c3-f29e41aa1cf1,1,upi,5,7386.74
48954743-d93d-40c5-8782-7736193f1ced,1,credit_card,2,3308.68
48954743-d93d-40c5-8782-7736193f1ced,2,voucher,3,5321.23
05c5353f-d123-4eb9-9f80-d2b4608010b1,1,voucher,3,12274.7
58a2dc50-43e8-444c-80da-fc27b20ef605,1,debit_card,5,10374.79
58a2dc50-43e8-444c-80da-fc27b20ef605,2,credit_card,6,2103.72
cc323ed5-2db3-416d-937e-b452cb9e7da8,1,credit_card,5,6195.25
20dca006-ff24-458f-8a71-8ccc8c83c310,1,upi,4,1713.82
20dca006-ff24-458f-8a71-8ccc8c83c310,2,debit_card,5,5344.06
6b3d4834-0720-4d63-b5bc-261d3fdfef90,1,upi,1,5263.22
a3b56fb9-6749-4c82-a837-981d982e0055,1,debit_card,5,6263.77
363a5ed0-5b79-47f0-839c-f6a4761ccf23,1,credit_card,5,9357.7
300a1455-3250-46d1-b91d-98bc9651ff74,1,debit_card,1,1451.2
300a1455-3250-46d1-b91d-98bc9651ff74,2,debit_card,2,7298.34
e96cab8b-7f4e-45f6-b79b-49bdebf20a45,1,voucher,5,10579.6
f2a024ff-149d-42b6-8910-fbf0bbe769f1,1,debit_card,1,6962.09
4b62d766-9186-4fc6-ae1f-2926215afafa,1,upi,4,7363.57
4b62d766-9186-4fc6-ae1f-2926215afafa,2,upi,2,659.36
74617929-8b50-4020-99fd-5df853c757aa,1,upi,2,820.29
74617929-8b50-4020-99fd-5df853c757aa,2,upi,1,9143.93
43d6e7dd-33f6-4bbd-91d7-5bc3cbc4e26d,1,voucher,3,9087.76
1b9663a9-f979-4325-9271-e2524ef89470,1,debit_card,4,12495.17
dd97880d-dda8-4201-8418-a6f3b2ebebd4,1,credit_card,3,8728.24
e481c84d-9d94-444b-bf25-639b079f4851,1,debit_card,2,12649.02
2fc03a7b-b173-4e68-9558-642f4c39d542,1,voucher,6,689.23
2fc03a7b-b173-4e68-9558-642f4c39d542,2,credit_card,3,6419.92
24785a68-f7ac-4fd8-b460-b086325ee67b,1,credit_card,3,4327.27
24785a68-f7ac-4fd8-b460-b086325ee67b,2,upi,4,4115.57
774f4b2b-d732-40d5-882f-c331e7784b07,1,voucher,4,3610.75
16f1dc69-f362-4690-a973-2f2ac21a122c,1,credit_card,5,4769.38
16f1dc69-f362-4690-a973-2f2ac21a122c,2,credit_card,1,5451.54
37d76a3c-d391-4efa-8f63-807c6510a711,1,upi,4,4262.33
37d76a3c-d391-4efa-8f63-807c6510a711,2,credit_card,1,1880.48
a2601915-77f3-449e-b12e-83184cb2671d,1,credit_card,5,5839.21
64f8fc4d-ae08-4a3a-b82f-3372e6028593,1,debit_card,4,5883.55
fe3463b7-daef-4850-adfd-7af5f76f722d,1,credit_card,1,5168.07
8609af9b-09f9-4b25-9098-a0248fe95498,1,upi,6,13439.53
9544b571-8a61-4807-9d1b-26e18b122bfe,1,credit_card,3,11417.95
36a9f812-7b98-4727-9645-72f1b81cb750,1,upi,1,3774.46
36a9f812-7b98-4727-9645-72f1b81cb750,2,upi,2,8889.52
1eddd908-df52-4f6c-9d2f-cf47248c846d,1,debit_card,3,3195.83
8575f82d-e889-43e5-947d-b54c1b18f5b8,1,voucher,5,5684.39
2eaaa6d0-6d7b-4d51-948a-05bedd0e971a,1,upi,4,948.69
2eaaa6d0-6d7b-4d51-948a-05bedd0e971a,2,credit_card,4,8240.41
898bcbd1-e3e2-49b0-b155-de45224978e2,1,voucher,4,4465.9
898bcbd1-e3e2-49b0-b155-de45224978e2,2,upi,5,4763.57
4e5234de-c413-47c5-b6a0-079d2f6005ca,1,debit_card,3,10831.17
099336a8-3ecf-4b41-94a9-747164173495,1,credit_card,1,1921.74
099336a8-3ecf-4b41-94a9-747164173495,2,upi,3,4611.79
9ed4df3c-f3d5-4798-a9f7-fac79f892218,1,credit_card,5,11724.35
9ed4df3c-f3d5-4798-a9f7-fac79f892218,2,voucher,2,2571.29
317a7e67-6c30-4ff9-a159-b1810925cc29,1,debit_card,2,11966.14
83ebbb1b-abc5-4c37-aeb7-9b440865f578,1,upi,4,9704.21
5a68fe09-083e-4c66-bbcd-4db3fa37b47a,1,upi,2,9830.78
47224756-1bcf-4079-aa75-431fd1ee80bc,1,debit_card,5,9139.76
47224756-1bcf-4079-aa75-431fd1ee80bc,2,credit_card,1,1746.32
f80acce6-f19b-487c-b033-f37207aa8f74,1,debit_card,4,8320.85
5b93d598-ed88-445a-a92d-ca1a421b959a,1,credit_card,5,1491.34
5b93d598-ed88-445a-a92d-ca1a421b959a,2,credit_card,5,4656.06
e9d6a423-e756-4aa7-89ad-bc99170a93b1,1,credit_card,3,8062.24
a87d60cc-f551-487f-bb29-1fae9ac35f5c,1,upi,1,5882.0
3814b60b-9802-4de5-87da-7de74c7ebd42,1,voucher,3,7457.17
3814b60b-9802-4de5-87da-7de74c7ebd42,2,upi,4,2188.62
b8faa1c5-894a-4a23-a19d-13345ba75c2b,1,voucher,5,6395.58
b8faa1c5-894a-4a23-a19d-13345ba75c2b,2,voucher,6,1856.43
7e76bf9c-18cc-40ae-9f2f-733c6eda4258,1,voucher,1,9800.23
d23a41dc-a057-40b1-9e51-43b6770e1ffc,1,debit_card,2,10127.43
d23a41dc-a057-40b1-9e51-43b6770e1ffc,2,debit_card,5,1752.62
e9425fff-a1e1-41a8-9c11-d918a19afa99,1,upi,2,6063.08
3fcfe22e-fe05-4ae1-8f29-6ff523ffb800,1,credit_card,3,10943.55
54b56895-6a41-4e89-9898-e01789a464a6,1,debit_card,5,9696.09
738d608b-d54b-405a-a464-d6e977862521,1,upi,2,6553.95
738d608b-d54b-405a-a464-d6e977862521,2,upi,1,2028.81
