customer_id,customer_unique_id,customer_zip_code_prefix,customer_city,customer_state
a9170993-62be-4672-9f47-13cb528a7083,9854bbde-5f2e-4dd9-ad23-ba4499bb7428,93810,Friedmanview,NV
e4c2d46c-1f16-457a-b92e-bf73801b2ad8,94bac372-aded-40e6-b0d9-7c7fdb869424,24592,Stevenside,SC
653a1301-dede-4dba-a89f-0ae9890ae89d,a8e52fca-9798-4440-a67f-bf3ad4dc0bfb,13278,Jesseport,MP
942a6eda-8f60-4f72-a252-fd2f5df80750,55abc034-ded7-4822-a0eb-445ef9bee39b,46048,South Ashley,NH
a7f74515-114b-4b4a-85a1-e33562b24f7c,2a546928-5f1e-4632-acc2-e093c4439fba,42098,West Jennifer,PA
b0a2bcf8-9bbd-4287-885b-99ad92c1cc13,940b1fcb-be6b-4e1a-adaa-ebc17013d8b7,39256,Christinefurt,WV
3e8baa11-5bbd-4e56-b21b-3d11643f108a,0be95f06-05be-4dc8-b91c-fb3e61bcea76,28289,Port Samanthamouth,OR
f2d8a9ca-cb62-4a22-ba36-cff815230609,92b9ec4c-11b4-4858-90f2-6d1fe465a80a,23434,North Victoriafort,NJ
cc7f6f7c-1caa-4f77-8bd7-c22751978142,519066d4-f744-4f77-a528-a615fc7ce741,98696,Lake Christopherland,MD
96d8c748-f196-45a4-b3cf-f515a2fc4ddf,1b3117d4-e8ab-4011-8737-1639cb1b02e2,81482,Richmondshire,ND
b1cb227a-e0d2-4d6f-af4e-f36ab9cee766,d22ac015-513c-4f37-b4f2-fbba346fc013,21395,Lake Williammouth,AK
d66d8c68-e1ce-42b6-a364-6c2bc15cb572,a779bbf4-0df8-4e55-a758-289aa099f66a,87397,Jeffreybury,MH
63cf20bf-894b-4ac1-8677-30149ae7e1e2,05a1ffd3-d5c7-4e55-9dff-66b891b9dfe3,65302,Stoutchester,PA
ef361e5a-ca61-4463-b20c-6fa30082e2f7,3ba88b35-007e-4493-a9d8-51a3e5366658,14165,Yeseniatown,CO
d96dd267-2505-4a76-bfc5-512facfcbd4b,aca4e89f-096c-47a4-9f84-6262d5a9d246,13905,Walkerside,TN
b13ed77d-9b82-4723-a052-03f618f2f44f,8b0fa7b7-7e05-49aa-97c1-b4df7fbd3097,22280,Jacobland,ID
00b9af31-629f-41c3-9425-52e1e71a7b65,85594d73-409d-4105-8922-53ad174fe929,38657,Clarkestad,SD
c5c8f07b-a6d3-4b3c-9d1d-bebb16ba9fea,ab9e31ea-2931-4658-a635-581c8db0a796,40495,South Meaganfurt,WV
ea1cd946-34c8-4be8-851a-e4acf05e7efe,69500750-26b0-4844-97a4-740fa1669e99,76237,South Christine,VI
f19fdbea-83a9-4a18-891c-0d118b2875f6,e4585701-e0cb-4773-abe3-fd588bb94898,88907,New Jamesberg,PR
73d19bc2-4457-46c6-8b8b-b3affbf48960,65f47ab7-31ec-4e0b-a0a0-cd62bf2b2bc0,13478,East Jonathanbury,IL
9e014bae-f547-4c98-bcf3-5fd37e123a49,8f497f1a-1540-49ed-8fdf-c0b8bb492de6,83563,Lake William,KY
af6da1c2-4ce7-42e7-b4a2-1763874c80c4,006af717-b09a-412e-810d-79b21f60e5c4,36062,Port Debrafurt,MI
f1e600fb-733c-4e12-81e7-13d8c49f6e2e,a0d69126-9c37-4630-b22d-374ff5ed0377,95181,Hartport,ND
b9680fee-c0ec-40a3-ac0f-6306182bdd63,54c29357-b333-453c-af49-710c350c648e,81426,New Anthony,AK
d8b4e061-de15-4832-a7da-e676811683ea,2a2e0bd0-d2a7-43d1-ab29-71e0b5d8eb28,64987,Lake Brittanyville,KY
3b51ccb3-cfe9-429a-9ff8-3f5aa4c8a5bf,787ef8b1-acfa-465e-ae19-b9eb8df957ab,38893,Lindseyfurt,KS
4ffdd25f-1ddf-4c87-9bfe-d30a9bba4603,f723032e-682e-4d21-b294-4c146ff63116,68878,Tylermouth,MA
d07495f0-d253-43ed-a557-290f93648240,1387c241-b582-4a7c-ab32-946eb26520be,87236,Elliottport,ND
82c1c849-a662-4e24-b32b-2f869c5d43c7,080b43e4-417f-470b-b233-9162a935111f,46463,Mooretown,DC
84172740-f0b0-469c-bfad-d1b8dc4aa0e6,8c302461-4705-4b94-a66b-a572961818fc,10851,Samanthaberg,TN
8d9eade9-498a-4b65-89a2-f680fec96d88,6ea2c81c-385c-448a-bc67-330ff26b3a13,30926,Nicoleside,SC
cbc1d637-452f-41df-bfb1-e73e3b689b08,aa9377f0-6296-4a75-88ce-559cda40532e,65392,Edwardmouth,MI
928184a6-c523-45a3-9d97-430048ad69ae,e5b764cf-f6d5-4a8d-87bb-d094c0634c6e,54597,Sullivanchester,AR
c1034805-9377-418f-9af0-e5e313d882cf,5fc93819-cddd-44c0-a49e-b3a8c1fb1e70,46421,Port Thomasberg,VT
adc9ccaf-fb17-4c30-b673-7b3ec777dce3,c9752a4f-a793-49a2-9934-a9b633058764,30379,Thomasside,DE
008e49f8-fca7-4809-91df-4eab70680f69,4284f998-639e-4ca2-ad48-f0feb03f0e8c,38221,Sextonside,SC
23b23a2c-81e0-47e3-ac89-4cf2a929638a,84f73fbe-e1fa-4a46-9377-d7ce5ad832be,54118,Ryanland,MN
f6dc0a47-d642-4a1e-918a-4f2b9c67811a,054d62c5-3314-4ed5-8c96-8569c5858d00,23396,Marshallview,MH
3b86db2b-cdf0-428b-b0bf-a31eb2d66587,0a4f3418-e46b-41e9-9e27-43da67797e34,22156,Romeroshire,ME
21cd59f6-e728-4c8a-8a5e-4d738ec3bdd9,0f5cb629-cd50-4f19-967d-65b6c036d29c,59797,Erinmouth,MS
799f29a2-012e-4c44-8d72-3f4faab5f7b4,d81c2276-46a5-4901-bcee-3bd7c39bf64e,22676,Johnsonton,NH
dee2db95-01ff-43fd-b6c5-0a89346c6dff,916e3a37-7cbd-42cd-bc9a-7aec79ccb9bc,57052,Vickieburgh,NC
b1e462d1-b781-4c7c-91c6-09e02b8f7647,0e132e09-093e-48a8-b5c0-3bf66e1ab676,55082,North Samanthamouth,KS
896fbc18-46eb-4c68-8001-37ea2c7c57a1,72139cbd-da22-4bc0-b7b2-2f5e4dfeeeea,89131,East Oliviashire,NY
e9face51-d269-426e-9bac-23d595021ee4,53ec8332-42af-40f6-89b7-7ee4cb1ae175,44671,Jeanneview,AZ
dd665979-09c8-4b67-8885-b5415c742a33,0eb3eae5-8b63-434f-9b72-ca8628adf69d,15695,Kellerberg,GA
967e038f-4e70-4fd5-b0a4-4268d63b42f6,89c8ebde-b5c2-4ca4-9a13-af437bf86fde,70217,Vargasfort,TX
ee860f90-d7bb-4a48-9f72-52370c5824e1,aba28aac-7bb3-422c-9143-8a365f945a8c,80284,Chadmouth,VT
343b6cce-b78a-4abb-9888-18f78017d741,f768e504-d2a8-44b1-9e18-894207570a97,26361,Lake Michael,NV
3533639b-1083-4f3c-9100-4afddc77b93b,9df691e8-6522-4604-9a6c-a75ca67fbb90,59615,East Erica,MT
9d4446da-5fb0-4890-920f-669cb0c83384,5e978c28-26e0-4dcf-aada-b2f51ab0dbd6,20328,New Joseph,PR
ddb0cb74-ce06-4c88-89e8-b84d858e5f97,232d5e70-579a-4b5e-a8e5-123020b17f9f,82357,East Michealview,AZ
1f68e9e8-a648-4927-901a-b3b5428ae09a,345f3c02-799b-4389-acef-5d9d8e3dc020,48427,East Katherinebury,GA
fe336eb0-7e4b-46e7-b602-bae38282e0a7,72bec318-b7fc-4844-ad5e-ef7ec1d62294,92397,Lake Kristinaport,GA
85f48d70-3999-4dcd-ab73-cb90fb49de0d,2fb24d88-4fa3-409f-8fc0-97d658aca735,91070,Port Amy,ME
163b8d0b-5219-4c14-9c12-d026f48c2f25,0ccdb4dd-93ae-40fe-8f62-95a3454e4a52,57400,Robbinsville,NJ
c742c654-7549-4b97-bc6d-10ea561b9e1b,d2bf72fc-a324-4fe8-a6bb-2daed8af3419,85674,Christopherport,NY
af5ba026-a78b-4259-bb1e-ea78345aef0e,2db85714-5564-46e3-89f2-bc00442ae7d7,35203,Lake Jeanne,HI
b3e4e1cd-6e10-4ca6-9057-89f8261b651c,8629714e-53a1-4ff2-9d5a-ad380219433e,19116,Johnstonborough,CA
2e10b730-a803-4759-9f36-3994ca21b837,cbf41e4d-f468-4dc6-998b-08b1d065bc37,16006,West Annemouth,MS
0cf30147-46c6-4be8-abec-08c69c2d8c93,92257a45-87b6-44fe-a76b-64c2316cb9ba,96673,New Michaelbury,MA
2cab3ed8-f1c7-4034-9823-a76eb9d246bb,fc7fea67-33e6-4cff-9b4f-7ddae6ab54ab,39871,Port Molly,NC
41f73205-c77d-4d5f-b761-66266816e6c5,e61c7db6-4998-4478-a497-33f5c8b97005,47930,Grimesmouth,AK
1d9e8252-bfec-4df3-a708-1cd655ce4dab,8c6e5fdc-6c76-4985-9c1e-8532337e59c5,20458,Edwardsland,IL
73f247cc-9283-43fd-8677-9bdf511bb781,14f721b2-3f86-4204-9992-6bf16fcd07a2,40512,West Teresa,PR
cfe65da0-6577-4eff-9e1d-83b8b6fe888e,095adc7b-9807-438a-b6df-7b1f73c0cdc4,23238,Chrischester,DC
8824e479-ff1b-475a-a091-a27527189850,058aa1e8-4988-4ae7-98f0-b742e458b3eb,59823,Lake Larry,SD
dfdc2850-482e-4af5-ba09-97bca755e748,ab650fe6-7021-4e1f-88c8-036ed304f3c5,46434,Port Faithmouth,PR
22bbb83f-4b2b-47ec-a9f5-d37cabff2fcb,59b73c07-58a0-489b-b172-e2427eb6d16d,69429,Dylanberg,OH
39f93b16-75c8-452b-ac17-cc81c9d75c78,efead46b-84f6-4392-b88b-718aa3e84ec3,93320,West Samanthaborough,HI
0668dab2-cfcd-455c-ac8e-82ce1b0db69f,47032d70-9ef8-42e4-b778-ca8351c3fedd,57819,Latashatown,MS
0e30ab6d-42f2-49b0-a80a-3bc97b3e1acc,1bb19e09-4bc0-447e-bf57-ba63877eb8cc,31319,East Jennifer,TX
3805170e-a227-48ce-b6d0-d2a288d63fdd,cf8ed936-e4ec-445c-86fc-0e5a689997df,58520,Taylorhaven,TX
3817c846-24a3-4f50-999a-ff682c0c4cd4,edc6003b-e5df-4def-a5b2-f177589b36ec,56566,South Allisonville,ME
be24d44a-696b-48e8-8e9a-d3141b8da1cc,99d0e452-81fc-4a3a-98ae-a1ad4025bf68,37460,Jonstad,AS
cbd6f83d-ec07-419b-ae14-be0d78792555,c95e6896-dc81-4632-9645-1e24e377032c,97841,East Jonathanfurt,NJ
3585f3d3-71e7-49c5-8b23-614dc58dcf1a,f1894b28-734f-4390-87c1-20685b88d8a7,44993,Morrischester,NE
1e4a6bb7-ddb3-41fe-b821-e06bb66ece62,d0512ad1-7a87-452d-9ea1-47fe4348883b,99593,Lake Heather,AS
4ef51fe3-3742-4065-89ca-c3979cc3f66f,e6371aad-39eb-44db-a4d4-59d0a01b8951,94939,Howellville,NH
781ca8e3-e1db-41e7-b1ac-36903353fcb3,45abb347-428d-4001-aabf-4b5b8d7aff78,19358,Port Lawrenceland,MP
e01f3d04-831a-4d4c-8100-e027142d1cab,e4f2e9b0-82d7-4bf1-9c29-355564a19bc7,89840,Riggshaven,NE
da9d4785-8e56-4249-aec9-e7e7d8603e81,7e567e84-e922-409f-b851-40ca6133b410,93227,Port Zacharyberg,IN
771c9849-9148-4d62-8776-75681915951b,2c897901-2c08-4394-84ee-fe52bfb47115,32431,Salazarmouth,AS
e39173ad-c7ae-40da-a811-2321344fc1c2,4dc954ab-abe4-42c6-9dcd-4c91b6bdc252,80010,Destinyborough,LA
9ce65b45-3144-466e-a4eb-7d1805324ddd,ab74ab8e-3351-49ec-b9fd-799b43b9c4ed,42087,New Cherylview,MT
94fbd811-6ab1-4140-8093-f3c19d94441f,b7414f92-6bc2-494e-bfc2-9ea11367f921,31417,Ritterberg,NC
e88554bb-385a-4f95-92b0-b1aa6a74b0d8,6a31d835-0556-42b3-b9ba-faf6edb3271c,70589,Leeburgh,HI
51d697c6-4e97-4fa0-b6c2-308c23ec2c34,2f8d0572-cba6-4b15-930d-d50aff96219d,59735,Lake Lanceton,UT
7144de3d-387e-43db-bf53-262289c62bb5,be125002-76c9-4d8c-a685-55309a4ea508,45382,North Makaylaland,MS
8ea44203-c567-4e86-97d9-40de9eb68614,4f38aae6-9390-463f-8ea9-aade3830a594,93886,South Steven,IN
ed455a98-3f14-49ea-9b60-699963dcc074,c5feede7-f4ca-44fa-a45d-7654a621ad58,83000,New Kara,WY
5d843188-244d-4b0e-aece-d73647937e60,caed9da8-08b7-4af7-bfff-74e1af0928cc,38785,Lake Janiceton,RI
8e06b5c9-fdf0-4773-afc6-4b76a0dd8c3d,9cfeb195-fc1b-4ac1-9517-be47efae2246,99733,New Todd,RI
ca36bc07-5360-4953-8fbc-de32898476b6,30551372-a06f-4e14-b9be-0ed2e34f0078,52504,Lindachester,AL
a5cbc13a-85a4-4201-aa8a-37f92b4ffb47,4567634f-1e8b-4a16-b3fc-a980f3d5f8b2,17331,West Mathew,UT
530d0755-8da8-45cc-9c67-786b401bf4b6,31c21f59-6d9b-4c65-a2e7-1e87e3935a12,40021,Wilsonbury,AS
f0945557-38b2-4b63-8668-48ddd7f9c27f,a1925309-63bf-44da-a624-1185264cc616,14207,West Sarahborough,NV
78dfb7dc-dea7-4d64-91c6-c0a7f1d5604b,9a939db6-1f67-42f3-84e3-d76f073abdd9,51347,Brownville,WV
ef7d25e5-7e53-4fc1-a688-12138f0311c1,31283e1e-84dc-4135-81a4-8d295201c4c9,62581,Port Debra,PR
101c0d1b-2c4c-48af-b672-92e26dc2646f,8b6509b1-6848-4e79-a897-36589fb36854,45093,Kennethbury,SD
4d1f41d5-d7f0-45ee-aa51-8796bb226710,ea2cd0c9-d0f1-4eb2-a616-ccac2d032ba1,18675,Nataliechester,VI
26463e7f-a9c1-4cdb-b58d-ea2ec0c6716a,f40ab185-9ce5-4174-a590-101854567b9c,37653,Mollychester,PA
356717cf-bf1f-409b-98c6-ae81d950b3ec,552d2fa8-0bd2-4413-b656-8fbf37b07667,84341,Karlview,PW
12a7de1b-a5c8-4e50-bb65-33c02b956231,60942d55-44c3-431f-817d-97fdc7b42db6,51245,East Michael,AR
5961a60e-0115-41dc-ab98-d23ce5ba4616,84b58c9f-7ef4-446d-8893-03c2259ed0c2,37869,Michaelfort,PA
97f8d20e-5e53-4875-acb2-a73425770ef4,253efcc4-d301-43b8-b7dc-006c519817e7,95909,Port Jessechester,TX
b5271615-0198-4ec6-966f-8e0b362c2f1b,842c78f3-df35-419b-9614-76ba84866566,75435,Batesburgh,ME
82360dcd-a3cb-4226-874f-eab535619915,e105296e-4c8d-4ac6-a17a-6a6a094d91bd,61856,Meganmouth,WY
07b86f46-e4a8-4f42-9a09-6c5e2e0e51e6,0c6d91b5-a11b-4cf5-a662-e4e37cb1acf2,94259,East Melanie,NV
c970f989-fd4c-49c4-b003-44caf4e0c051,ac34d399-3696-4711-927a-c5315519598d,70142,Parsonsport,VI
caf18ab9-1e9f-477b-9a2b-395ad5d345e5,1ce98d40-0de9-44f4-879a-6b862c412477,28726,Lake Dennisfort,IL
9ce6ed67-eef3-464d-92ec-29790dee2dfe,7eff4545-ca97-4a34-b887-80b2cd09db9f,44718,East Laurenmouth,MT
29ce622d-c4a4-4930-b8e7-f4758b6a50e5,90f5c9f6-36fb-4a71-954d-c6135b113932,28301,North Christophermouth,WI
7c9b8b7d-854a-4514-a048-d458a04dfdce,93000583-9b02-41e5-a033-0768923282f7,42325,Hancockchester,MN
c02bd881-063a-4b8c-88d9-93c745442d6b,fbea9dc3-78cc-4678-983e-a90a916b0982,83579,North Robertshire,KY
8f19f252-3519-452f-8d48-4551e6e5c502,236851ee-a5cb-475f-8102-17254e085e7f,80644,New Laurenshire,PA
e75fa89d-2ce8-40b4-9dce-6e7268f10baa,fe75f90b-b7ed-4c7c-a20f-1c0d3085552e,44438,North Lindsayborough,FL
79dc81b5-104c-4faa-ad5e-1335aba135d7,d71b2b3a-9a34-45ab-a197-9349f4cf6547,86622,Debrachester,TN
8936fc37-46a1-461f-9736-74701f5f3102,b36d1086-d43c-40d4-a801-081c9b46c4ef,66155,Port Tracishire,VI
f8b4e28f-1f18-4531-8a4e-c2216b4cf2e5,80388ac8-d704-408c-9789-50a5a1147559,86484,West Andresfort,NV
8750d8f1-efb2-408f-ba9e-8b1c58431eba,1e9e1615-8384-460e-a8b8-cec2ddf059eb,62350,East Robertport,OH
42b82360-1051-4335-9903-834c02759738,f07a7126-f913-4b3a-9142-6ea511b2635a,57447,Port Amytown,NM
9b2b9e3c-3e70-4506-b4be-b3f2eb6a1a72,7a1fda17-3351-4c9e-9259-df47946cc243,38746,Walkertown,OR
cc20a1b7-932b-41a1-a55b-efa61640b2b7,68096bca-39e0-4d82-a035-db154788645d,28131,Donaldstad,OR
fecea0e0-e4e6-446c-b4d3-1f214aad086c,b11c99fe-5bb9-49f1-8dca-785acbc7681d,76784,Pinedaburgh,RI
36e3cfd0-13bc-45bf-912b-7bd4e32596d6,5613dbf8-41b9-4107-8dc0-9b68c8111cdc,74686,Stevenmouth,NH
ccc6857e-b713-4400-afed-16fcf8bdcf64,784f7617-c508-4bc5-872a-4cef76271415,21915,West Brandy,AZ
922d61f2-0865-48eb-86ea-b7d7bc8eeae7,76e51ff9-0c33-4580-b978-698380d5ca62,16175,Tiffanyshire,CT
a6618bb4-390b-433a-a70d-0cb325f375fc,f8238cd0-a689-44c0-90c0-7202242e5de3,24371,New Christine,VI
bdd0f3ef-fc63-442e-92a8-cface5c261c2,5eb50667-acd0-4d03-8852-497d1134e344,30033,Lake John,ID
34225118-349d-4de2-9287-5fd5d44dd2cc,dd7caae6-c315-4c2e-a112-d28685896b53,92240,Davishaven,AS
6a116f19-3677-4e52-8bbe-31f329279d5c,04093440-6320-4cdb-bc1b-64639e837bf3,30969,Hernandezburgh,OK
d359d294-3db5-4fce-947d-2aed179f8d8f,e3d7f06d-5553-48db-8eed-cb1abe243322,99192,Kaylashire,RI
8106c37f-249b-4586-802e-cca0598f3389,27fba844-e3bd-450e-affd-b7d62b57911c,65333,East Richardland,NE
581ba3fb-83e2-48eb-a00b-81558cbbc8ef,13bfc5cd-068a-4233-b5ba-bd10e673f9c9,88172,Brownberg,WV
7c391210-fcf9-4403-95ea-9077ea044cb2,da6e5f5d-a21b-4423-a0e4-40a606f33f94,18326,Pattersonfurt,SD
4e4f8e69-e16a-4066-867a-2a7d9a340e6e,12bc9f51-16da-4430-8e19-3ba5bb52551f,60432,Sherrichester,DC
1a2b9e01-01fa-48f6-a267-c7d9356e85b5,836351ae-6bc3-4a2c-970b-71918eb5ce28,60019,Nicholasport,MT
07c76521-790e-4317-a89e-ecd33cbde035,00de3a7f-ea95-4586-b58a-f5533d98704b,88104,North Jessica,MD
92239500-a919-4deb-a084-126baf526438,975342d6-7e46-48b5-8aa9-6610ec597b6e,71348,New Andrewfort,WA
35745b2c-e395-48c7-8e9a-e12cedda5240,dcf74077-018e-4f13-8c4c-45529b494899,79352,West Kennethview,TN
2d7aef70-f292-4566-b221-8d210cb7ce9f,1c78dbf4-9520-4e62-b74c-e080a1ff0f71,42953,Port Andre,CA
d1fee132-9ad0-4c7f-b888-08c86ded8dab,e29133ab-dc03-483d-b0b7-af89c1c60e42,82512,Port Brian,TX
024b27ca-b6cb-46c3-a152-c3d6c8cf4f84,e2dbe8d9-3461-41f4-86d1-67d77465bfc5,11504,Joshuaville,TN
964c3176-6497-41f1-9474-54418ab32e6d,7a9732a3-d9c6-4a46-81ad-becf0232f74f,99166,West Michaelport,OK
a5836ac3-f473-493c-940f-478d9eaba2e1,cfe206cc-1871-4f2a-bfed-e30f7bf92c44,25014,Port Ashleyview,SC
14e1b121-69ee-47f5-8ca9-6304d6569978,19c5b17d-cb6c-4058-8114-cc7b82f1c206,99353,Lewisbury,WI
191a8bb7-5418-4c86-93af-9b40d7ab4491,1f2545b1-3656-4d0d-84ea-9acc978d1dee,80381,Clarkebury,NY
6bffced8-1de7-485a-ab1b-f29797240152,4d283215-1c49-4964-a7ce-695678913e34,44973,South Sylvia,MO
df53dc07-bf83-4d00-b9cb-ff8817f0847c,33d06d61-4e85-4e82-86de-eeafde92b992,94012,Kelseytown,SD
e8394397-5707-4dd4-832c-627978b47847,9fa24a79-438a-46dc-9f9b-9d4fc88d7a38,54587,South Lynnville,NH
7c7f9b3e-6983-47c2-9021-66e7a1422482,ae3bf2cc-e872-46b8-96ca-d1d1d1e6104c,24621,Thomasville,VT
f61b6696-b00d-44ee-acf9-55a86b0b4802,f4f0c1f8-a944-4855-a835-9749deabfd5b,48469,Masonbury,MN
d24e2031-b96d-47ef-8ffa-4525178434eb,2baa1b04-9f99-46e0-821e-cc2374995b57,66985,Yorkfort,MT
733b073b-33f4-41be-b48a-b3370cdb34b8,de8d34ce-33f3-4fb3-9cdd-52dbfc5e5b62,30730,West Brianland,LA
b6506d27-5413-418f-ada2-a68556a30f4f,794769e5-7794-4c5f-bb4b-8e5a37f1743b,69470,Port Margaretshire,IN
14276f6b-7ff2-4adc-a868-5251a62c5569,c9c36431-c648-4932-8c49-beb61c4d1707,10425,Brownbury,LA
ab3b1c6f-70d2-4b21-b649-d1fefe0bf007,51141252-0043-4ce1-86eb-8b30ccb2d20b,44522,South Arielshire,PA
b0f32c35-148c-4ec1-85bf-e7d1e4256514,1ab33b20-d41b-4f75-a735-d829934ac475,75612,North Michael,PW
05bd74f3-fe4f-4d08-9248-108d9c2357a6,6504d8ef-7de1-4dfb-8e4e-f7cd96c87b60,33416,North Elizabeth,OR
396874a3-6cec-4b8e-acab-d4ec1e762fa6,0c014f15-4db3-4a71-8261-23b1483da2a5,76542,Kingtown,PW
37e12c0e-7bd1-46dd-b4e0-7891d67b9fbc,02c241ce-5bb8-485a-8f07-0f2ebd97d1f5,23947,North Andreastad,NY
672863e6-0580-48ea-a479-7f2af6526d8b,fe0ea959-a45f-4175-a5f9-74a949e73086,91959,Stevenshire,MI
0d3fa42f-b053-4d1c-ab74-443e4d4ed292,10304b41-4c67-4f9e-bbde-22fbae283ace,49117,West Mark,TN
7a40c4b0-6699-4b86-b99e-0a75c8b40b40,46fa2431-aae6-421f-ac01-6d35e54fed42,93748,Port Adamside,VI
0f38c553-ce3f-4708-a474-6ae23e9c0766,a5204d71-ca49-45df-83d5-612a6eeb25fd,76540,Jimeneztown,AL
0547f85d-84f6-4eca-831b-6efb0b7071ec,1e4dfc07-7243-479a-a127-ffd0d22324e7,89818,Port Amandaside,KY
ba0a733f-0b9b-4b41-a69e-c5b9d16eaaf0,0989e174-1cb7-4645-aff9-692b4043af9e,36071,Glenville,AR
baab9418-aa14-4d63-8345-3b938fc67b2f,277efb0f-516f-441a-8454-f7a04f58a953,30032,East Scottshire,VA
ec4fe5df-6622-40da-abfa-f7f3f10fd8b5,b26eb1c5-d2f8-48ed-aa6d-ccc82a7f374c,59009,Brittanyview,GA
c0a79420-a8f7-4e95-b4fb-bf2aed96315e,b45f7868-7961-4b00-92ae-8a6f37dfad30,31174,Byrdburgh,OR
8007fef7-91a9-436c-a045-d267be506931,0ee41fe0-dea3-4e2a-ae78-def5a820a781,80697,North Brandon,CO
5412a6f9-5779-4ac1-8bdb-c14c24547710,09bd6dad-c63f-4959-aaf6-b63e573e3399,79514,East Cesarberg,IL
2fc079ef-973a-4180-9d6e-01bc832211f2,301b51ea-b1fc-4f1c-86ab-f1c56ba629a3,10074,Deannahaven,MH
dc34aa6d-dfe5-4cdc-89bd-bc74fcad5dbe,2861b8b8-1960-450d-9f25-e15feb333ee8,88504,Port Sharon,MN
7e2cc7fa-4ca1-48bf-8867-0eb8a404d940,6c4ba5ee-89aa-460c-9c85-14deeeda2e6c,52487,Jenniferfurt,WI
96757528-998f-429b-9bb3-1e60e21df591,c6054271-3b9b-4cb4-ad60-2e1d899eec88,74042,Lake Susanstad,VI
ec27257e-5c39-473a-8468-52fa3578c5d9,d18f7ea4-5dd1-4357-a3fd-9e575003210c,12552,North Bailey,NV
ada1fd14-36ef-47ae-a3dd-528f9a82480b,73905d67-d50e-4f78-b2c3-2417adac6c35,24662,North Angelica,HI
5ea0788c-598c-495a-a343-9684540b785d,1009f8fc-5f29-4518-906b-1a7c0144444f,57576,Lake Edwinview,CT
92f826f6-b3e1-40a3-a8a3-734150a9526d,f0b8ad8b-cd70-4614-bb1f-bc423c507119,50306,New Alicia,PW
8fdde145-9349-438d-bca3-afed4fbd3c00,82a214a3-8dcc-4a04-a2f0-9522b5449b48,41385,Ericview,WV
6b16a7bf-5f23-49a5-9c6f-ca6f3e506268,8ff3ce18-37b9-4715-ad21-cd50b807a067,17592,Richardhaven,MN
362a0020-a155-4655-973e-dc470d77644c,8e8a1cd5-df8a-4e24-ac0b-9aeb92298342,41571,New Lauramouth,ID
f2bae520-7b57-40b8-8071-a74269d419af,024c2494-9180-4a71-816a-2df6c725f6db,84364,South Michaelstad,OK
a95467eb-2f0e-4b00-80d6-0d8cf49ce21d,62895053-33a0-4f28-b514-0ec43f7b6653,20322,West Danielhaven,RI
b7b7ac24-5f04-4d86-aa67-fa701459707c,39158d0b-581a-4e66-9e85-c5f973177e40,21226,Jeffchester,TX
3a288761-264c-4afc-a8c8-0f3ca5a7fc8a,815288a4-86cb-4b3d-a48d-f4cb8b33a0d0,73699,Meganburgh,HI
c1f3d16a-d341-44cb-8651-b4791bcc7d0a,dab7bdcf-97bc-4a8b-ade0-123bed3b45b8,19071,Lestermouth,AL
c591f080-a0ed-4204-8525-5f9154cd1e11,24a6ee1a-b4ad-42df-9dd7-047e135df235,79822,Casebury,NY
d9fa2878-db49-4a26-8148-168fb6807e35,3d4e5fd1-4703-4d42-960c-94e17f9f7e7c,26483,East Christopher,MS
ca7beeec-1719-4676-a8a6-0a54762e73e7,6d9cef67-bced-45ec-a4dd-2936c8276432,26828,Lake Jeremytown,AR
380e14e9-432e-4c5c-b64a-614baab745de,855e5f6e-c0ed-4025-8d80-bb9c428c7219,96474,Stevenfort,MN
18404227-429e-495f-949d-59d6adaac7ba,cead409c-9441-4dee-bd89-596b6886484b,72296,Sullivanhaven,IN
3462fffc-3155-48fb-b2bc-f0eb81f7c3c5,f07771e8-038a-4b48-a1dd-7cc7f1890938,82063,West Ryanchester,IN
2f3c06fe-d989-412e-a2ea-0c08279d380f,b9578b70-070a-49c0-9c75-e1013437fb53,31643,East Samanthaton,MA
c1633bd9-3aff-4bf6-8318-6c424db84070,dc2c2f47-9078-4911-b74a-05d01908f5d1,44741,Toddmouth,CO
fe872df6-3961-4456-811e-0391093d5c74,9e9b502e-cdef-493b-91dd-de0b7d7c8dac,79163,East Kathleen,AL
e960f1ee-f0ee-46c9-ad2e-9745161444e0,083144d9-0583-46a4-9a9c-7f890230cde5,89507,Maryport,AL
c1101e8d-fdce-4565-bcf2-7fbf0e03d562,181f3e1b-6104-40ca-912c-ca711a4a08e9,65461,New Richardburgh,CA
d31c7584-4c97-4b3a-a60b-83cf4a84dd62,5ce4083c-3335-408d-9298-8727bfbde8c0,37760,North Joseph,CA
e7bd366b-f67f-48b1-83e7-b71618350899,b0cd620f-bcd7-4ea8-ad4d-b8bae0900fcc,80686,Randallstad,WY
c19b05c4-b9cc-48a1-9498-dc7a4d717957,1d3cec19-2420-4e7b-bffb-3c7569ca22fc,36365,Dianeton,NC
277e08f7-d77f-4297-b1c5-c1c1f7854880,907a1985-b53f-4cec-8d6f-95ac3914f9bc,50857,Lake Devon,GU
acc7faa7-211a-4700-bc16-ac4a24203d5e,02da9734-5e61-43e4-9c08-f8912ec7e9c9,62296,Cooperstad,CT
81cb1a11-93b1-413d-b256-3956a6efca05,cddaec88-fb54-4305-8445-32e3ec608b09,98039,Lake Bridgetview,ND
8856da0a-652c-4198-9627-bc9153d33daa,13b65b67-078b-4513-aa82-e0eccac0fd48,95180,Thomasfort,WY
d4e97e20-1c86-42c3-9462-33cbbbb6db74,c12483f7-a644-450a-87f9-034140470bd9,58944,Marshallburgh,FM
67ef08d6-7c6a-4dc0-aa8d-a92632258b0b,64ca16eb-1659-4b7c-a373-10b54024c8e7,67422,Wigginsland,KY
169aebdc-8920-4633-8546-e8a5fba575b5,d77d5088-13d4-4cef-917d-60421234fef8,77839,Kennethbury,TN
3adbe408-cd7a-4136-99c1-ada1adca98d2,0a94efe4-98dc-44fe-91b8-0bd032a48f24,69177,North Justin,MH
dd0a11d7-a03e-4b87-be7d-db561c4e61e0,473924a4-a95a-442a-939f-71ea05935057,25860,South Chase,LA
aad1130e-9050-44ba-80af-10028cd9953d,bc2ab9e4-befc-4cdc-9ce5-45964518d6ad,42493,North Jasonton,CO
273734ce-1267-4d8f-a94b-5e675bd8e812,b7c19975-dc65-4ac6-ac3e-8d21240d510b,39451,Bradyland,PA
12b491b5-8b47-47ee-aa11-89a99c651acb,9c0e64cd-aef9-46b9-9938-32f219ea8e91,18392,East Joseph,LA
ca89da50-354b-4248-b12d-b19d739229d5,8aa3e54f-7893-422d-9354-8d6afb025718,54313,Michaelton,CA
7761f23f-6751-45af-91e0-a74a178330f5,43dffcff-98e3-4689-ab5f-82144641125a,12757,Heathertown,KY
8fcfa97c-91e2-4468-81ce-56002015ec4c,e8b45f80-cb7a-413c-971b-e986c28d6d1d,87110,Garytown,AK
b8b91730-58c3-45c3-9652-5858c7028a72,ceee5d24-dfb8-45d3-9ee1-ccb2cb1305ad,82603,Bradfordside,MT
e216948f-afce-4ee6-8e9f-5fa081ee5100,bde9c0e7-7d0c-4a4a-a1fc-fc1faecb0698,40161,Laurenmouth,IL
678f06cb-1f80-43f5-920b-640154ce69bf,adca3aae-8d6e-4b4a-aa02-6a9ffa6203cb,87128,Nicholastown,SD
26a3b78b-29d6-4a36-aece-5e6ea18d6e4c,17fa5a46-5f06-4abf-acaa-816586c73752,38864,Matthewton,NH
18534845-0fc8-44fc-add5-d9993f365e86,8147c4cc-b8c7-47cf-a372-9f4a1483383c,10942,Andrewchester,IL
2819970f-f8c6-4363-a249-e3583e5d8f82,39adb240-12b2-4394-a701-1160234069f6,19305,Lake David,OK
084740c9-4ecb-4ddd-86b2-960ef34de027,62ed672e-b38a-4a80-b462-696554dcf562,92719,Port Richard,PR
3bab9d0a-7987-4d08-b71e-19c4981a6bc6,a03ee496-8517-4be2-b0c6-614752d996ed,17716,West Ronald,UT
bedf8d5c-e35e-4338-8ccd-c742ca3c58ce,1c22bbf7-332a-4338-9d78-8a6092f4fe7c,40007,New Nicoleton,IN
61ca4058-50e7-4602-b4ec-601a1daf476c,242428a5-c868-47ba-9623-7b68324546f0,18834,Lake Christopherfort,NE
ae02e5ed-3b56-4cec-a875-dc5293397d31,027fbce8-80ec-42a8-b8ff-25b822ad14db,14117,Combsport,CA
e5d9d01b-9e9b-42b0-b665-6ae386790c44,e7509403-4a26-45e3-979e-5b39e422baf1,53309,East Teresa,MT
658c4dad-f3ac-44dc-a8f8-047a209b3554,c3cfba41-939e-4997-aa82-805222e13262,19287,Kathleenfort,CT
3ea106f6-6bab-4d24-a296-1a3445136918,8c00bf4b-2ba0-4f9a-afb4-14ca365984d8,77391,New Alexander,NC
720675a4-946c-4bd3-a2d0-c096f5fb9ded,21e74e25-9add-4a3c-bd7d-9e35d6830bb2,41195,West Michelleside,CA
45300a6b-3295-4c03-b8f0-33f5de3ffdc5,eb46ee58-f6b0-4e32-b26c-541ea8668ad3,46500,North Sarah,NM
9eaa670e-22ed-4c99-9f6b-3a3d3f610221,32d01204-42b7-4e05-8bab-8ba8eeec2ed1,97684,Smithtown,DC
edf72c11-4d17-4085-a93c-ba8289cad40c,570fd2d1-7759-4618-88f5-ac991d414b77,73624,North Benjaminchester,MS
a20feade-5c2c-4b7e-a2fd-f0ce82b8a00d,e7d99958-38a2-40e3-87a1-38cfea68d32f,38080,East Richardview,AK
7f1d1543-8a15-4c9b-890d-1c3f32f4de1c,c9b7a38b-e19d-4de5-ac08-fed1e371687e,80678,Port Dylan,SD
3ccedd77-e7ae-45a8-93b0-b659cfc76c23,f5cb6742-bf8b-4820-b54a-63e81b6ab663,27342,Ronaldfurt,MI
db1c6fbb-5dae-4c34-a3ce-8bcea82cfa2f,9f304801-2f8d-4519-98ec-f60fce8d4c0d,84847,Nataliehaven,FL
bc275620-ca79-4366-8820-eb99201c8b51,c5d2473d-9cc7-4b0c-917f-c96fd4b11642,85525,Mcbrideburgh,NC
6360ef00-a73a-439a-af62-9df541d52ca0,ba065727-7805-4629-93e0-644767320bd8,71953,Tracytown,FL
2d5dce71-cbea-4d2e-8155-0ec1604b18d4,6391ebf5-5f89-458a-83bf-6aca9a1bd24e,41850,Lake Daniel,KY
f9487c04-8b92-4a86-8eaf-e4ceb432630a,62067a17-b406-407a-aaa8-eae5829b0d77,71993,Annastad,IL
108dfe44-8ce5-4680-a499-7b6e285cf265,f0540f92-b996-4502-970d-fd6ff8079564,63354,Lake Jamestown,NJ
e36f9adc-6872-4814-a61a-ec7a8c64cf57,354ce388-7710-4533-ad85-f1a765fab8d2,34957,West Donaldport,NE
c33e4990-214c-4aff-913d-343d7f36a081,cee43d2a-6abc-4504-b41f-ddfacd674673,22363,North Teresachester,GU
8e47656d-6ab0-4586-bfc3-199715a0e106,ced83f03-63ff-4c4c-947c-14dd805a4d0b,22704,West Shawn,CA
d845ecee-2d0c-4ea8-b2d5-c248e7d20711,16c5701b-b76e-4f98-b965-97b6aece08e4,96374,Port Scott,AS
749312c5-e19c-4a7d-ac0e-878b9c98e46a,843b26ab-0ffc-4d60-a118-48167870b39e,66498,East Juliahaven,VI
9debfe18-3911-4375-bf93-72059d11a552,483f2dd7-7b24-48e7-bb76-2e81b9e5789e,56438,Lake Kimberly,VI
32ffd978-14e7-46be-8791-e1d946efbe62,05806ba4-46cb-47e1-98a0-41e6e7d556a9,65519,West Thomas,AK
8a5c3afe-3a1f-4c61-a5c6-8317cff2b3aa,69ee7600-1f04-46b3-8eab-717dd97aa268,63883,Lake Tracyport,DC
ed429de3-7ec6-4178-b41f-362974fc757a,94791f6c-2ff1-4bf2-b852-c7593fd0605e,71213,Amandaville,WV
cb0c6879-104d-44b8-8ff6-e5bf38d246cc,3c456634-7916-48f9-8d11-60601730eecd,17100,Kerrshire,SD
6e99a792-fc5f-4505-b2b3-36b02baf51c4,b92fe9b1-3851-4110-a586-1b1db0b35817,98259,West Katiemouth,LA
fca30a9f-0733-4e53-9477-e17682210cf8,bca512a6-c36f-4999-a967-f8bed5609ba1,95649,Kingfort,NJ
ffc48ed9-f4da-4295-8097-6692e586d783,05e18c2e-e69e-49d5-b8b6-add0bd8395f1,94696,Lake Laura,OR
7177ee92-8ea3-43b7-9f50-00863b915639,5ae87b08-e558-46bd-80d3-9c95aeede71e,22899,Lake Sherrymouth,MP
5b160bc9-7a81-4e8c-9cee-866dc6a6fb6f,fbd2a58f-186c-406e-a24b-374669b2781a,17944,New Anna,KS
bb568735-a48f-4ee0-9b7c-91ceabeb84bb,ff399d3e-3d89-471e-bb61-3dd70bc4dea5,62772,Nathanchester,VI
22c0a38f-8548-4bc1-9306-01a7c6b1be1d,c755e459-e80f-461e-9285-d4877f4e6057,54473,Jamesland,MN
5371d56e-ca27-4bcd-b222-eeb5a4957d04,a5aadec8-0e65-4c7e-9a95-5812b7805cbb,24322,Belltown,PR
35d9690b-1709-46fd-9b8d-6ad603cbe5fa,5e6e3808-76db-4eee-bd4f-70aba7a6eb6d,42591,Barbaraside,FL
16346105-a49a-4cc4-8cff-f1963a7c6884,b889e7a2-a844-4602-bc89-8f98fa8d3052,35112,Jillmouth,PW
a5fa9e9d-8c52-4e39-81fc-1ef33ce106e9,8815d825-af22-4e2d-b656-9292e040d8cc,34931,Lake Trevorstad,NH
29e7f965-cf8e-48e5-8a36-b257f2634226,3fea7a41-9932-49ae-b445-44023e1466dd,80292,Hallhaven,IN
09006972-27fd-410c-b093-37a568191ee5,7fe2fae7-58ff-4968-a733-da4292cfd79e,68800,Mariaburgh,FM
73f07204-38ed-4d84-85eb-b7b5d6bec235,99f8c413-af65-4071-b3e9-01540dec95c6,28373,Port Rebecca,VA
0bcaca1b-d8e7-44bf-8ea0-83c6327c2096,d8faeb6b-6a16-4947-a26a-0a50c0efc0eb,65296,West Chelsea,AZ
08475931-f7f1-4d22-8308-d0aeb9aab856,ccbf0bde-9ba8-4b9a-b853-0b4c2d8c71ef,34050,Stephaniestad,MT
a2e9bf98-ffdc-4c62-882f-6ae48cefd77b,fc586197-b432-497a-acf6-7edb295f161e,46509,East Allisonchester,HI
e137f5e3-dccc-4885-b04c-b95d0c616b95,2491f61f-01c2-466f-8993-c1d7db02088b,70637,Drakeburgh,AL
faf94c9e-cd3e-4cfc-92bb-4a7198d87cb6,271f16a9-c2fe-44ad-9ee4-1e6ea02af7cc,42742,Stephaniestad,CT
8bf55f14-f942-4a2f-a062-95d474f4895f,a9538661-01c8-494a-94f1-abee46bf56db,19880,Amyborough,IA
132ed474-2e1f-408d-9742-fc490826d742,6f087d36-1ba8-43f4-bf0d-14c36bf6f275,68082,South Mark,CA
d636b5a9-3634-4d84-a7eb-0b63b325e7d1,6c390a6c-e704-4eae-88f6-4512962e3321,82132,Millerborough,MT
302367a0-94a1-4246-aab6-57162acf86bd,81af74e6-88f7-4e71-b27e-6c572dc43314,22833,New Nicole,KS
6e765ad7-ae28-49e3-9ff8-45a78ad283e7,403bb6b0-04f0-4249-a759-f4c0fa5dd273,16630,Port Jeffrey,DE
01b3ad09-5168-47fa-8be3-26d25895d879,ac92cef9-0ddb-4bff-b3f2-e0b461a93a6b,95477,East Christopher,WI
22ec02ff-bfae-4c5a-af66-45436b728961,b5b31063-2ff5-4c66-90b4-106939c1dccb,80855,Martinshire,NY
285be854-87de-47de-a33e-8d2cd28f2c66,4747769e-43e6-497d-8697-92946da75f67,11934,Emilybury,TN
d797cb43-0c4b-49ec-b980-ff8abf125e2b,a003cc35-8a40-44e9-80aa-8b8d8d5b6e83,22224,South Andrew,ND
1bf68f3d-596c-4ffb-9f62-2c2e86673a32,7a9fc09b-8f24-4c05-8bb9-d503b7f9b41c,40982,New Dylan,WY
d2d8b147-17ad-4427-9b34-62a75f25486f,b91afceb-9160-401f-929b-31c180ce61bf,31798,Gouldside,ME
5bc1dd49-f6fe-42a7-9f3c-654555bf06a6,8c633233-0701-461a-92ff-f36d2dd41f58,63269,Emilyport,NJ
9bb8973a-8a3e-449e-9221-c8082bd96339,eaf2c564-2c38-4156-8ba6-b10ecd4c7497,73653,Jamesmouth,NH
64f5e365-dd4f-43ec-ac8f-4a5d1493d4cc,88d78a65-41e2-45e5-a2ce-584b186069ed,73092,Wintersmouth,TN
3b77b4e4-cd82-45e1-a0de-ada177387421,0650a7fb-4b50-49cc-848d-ef4dbb36b4ec,38016,Ibarraborough,PA
605612e9-6a9f-47f2-807c-21cbc35c24a3,eb237352-0de1-460c-89d3-2f952016c5fe,62565,Port Jasonbury,WV
8dec9e32-76d6-4228-b0e6-56a2687bd01b,3cd33c83-d563-44ab-ade0-bf6c4db3a063,17685,Pedromouth,FL
7bc01163-00b2-4342-ad43-cb59f4d8d124,2d327a1c-3731-49d9-8782-2b312f0f3aa3,31579,South Kurthaven,VA
aef6458d-6a36-48b2-a29d-2749d502c858,a0d6a133-0e90-4aa0-afa3-4319c6bda5b6,59672,Jeffreyborough,NH
b4bbe1c7-4ccf-4ee4-b357-d6db3036d47f,008380fd-85de-4496-acef-db80bf5bbcb2,10282,Medinaburgh,OH
79515ba1-1c21-4508-92aa-0d9a2180e946,9ea9d2bc-674b-4bf8-99c7-14044b97f630,61173,Dicksonbury,VA
43556581-f32e-4f50-95fb-847303b026e1,8bebd2c0-b567-4716-be9c-962e7a801dcc,44760,Smithbury,OR
6d12ac41-25ca-4b0c-af83-0c033e3afe72,1f0974b3-feec-45ab-8263-95fadf7e8258,69638,South Renee,MA
ef7f8e5b-175d-4ffc-9a93-f2895a07ae8b,7ffacc8d-ca93-4e28-be2b-eb5cb572b67a,47388,Tuckerville,VA
8edd0b9c-a4a8-46ec-9b2f-a23a3b28b58b,d64002cb-6d65-4d08-9a6e-94d59503c87b,65444,West Tammy,OK
53ab5b29-0657-444f-b582-a976adcc0f3b,a37b1c1f-5de8-407d-aba6-3702c8b4ff84,82845,East Robert,RI
2a4a2451-1fee-47b1-8ac9-9f562bdfbaad,3b6abdb3-7398-47f2-9371-a836eaf6d5a6,96752,Port Michael,OK
7ed20001-da71-4ae0-ad3d-dccaf6fe2106,39ee15ae-ec6d-4271-ab94-1eda6fa9135e,73788,Whiteborough,LA
7e7a2631-be7d-4999-b5fc-6c4207c073d4,e3645f66-cc80-4d06-8e50-af1ac8d3073d,30289,Hollymouth,WV
1c29ea4d-9f66-4901-890b-823e520b5c7c,02bd22e1-07e3-46db-8b32-b32eb52ad2aa,34890,Jessicaville,KY
e6d4f551-87c6-4297-9fde-49f19747a881,600a1de5-1a8b-4fc1-ae0c-c0e91341800c,48890,New Jennifer,MI
166f556b-25a0-4c0f-bbcb-e2c55c73804e,a827a910-abaa-43e6-a5c1-43562b977a0d,38534,Matthewborough,CA
006db968-2a03-4dd3-b536-8df92bdc7725,801e2552-cf96-4b37-94e1-7094a65b6263,17665,Port Devon,HI
1eae394a-c8c2-43b1-b1b9-313e223d018a,e62aa720-6557-448b-a3f6-713e15a9d50f,85914,East Kevinland,OR
ec4c1a99-4a9e-4a10-a57c-9ea92de4229b,d4c785c8-2771-41ca-80fe-dc2057ce0784,81066,Sharonfurt,NH
cac175c9-3a4f-4d7f-88ab-6768f980737a,aca4811e-417b-44d4-bd0c-8a3c75c785de,17989,Katherinemouth,MT
becdcac8-bad4-4a4f-aa9b-8376a9d0d59b,8cad3af8-8240-48ed-a457-48903b95ba72,51104,Paulfort,TX
906492d8-c643-400f-ba3a-8c0c75782fc4,3c51366f-a2b5-4007-8ea4-d61806f35aba,17492,Craigland,MN
37afcbd8-b8b2-4a4c-b96d-1c61dcd232d8,ce3b531a-2101-4e16-a6da-4944bdc34718,16572,Delgadohaven,VI
5fc9842d-e06a-4167-bcd0-423547272976,8dfc277b-ae81-482d-b7c3-4e151a8fc9b0,86569,Grimestown,IA
8e6ef2b9-b418-4cb2-a966-f36106cf4ded,603cf451-6065-43ec-869e-87aa4a67bcca,72493,Lake Deannafort,WI
80619be1-16d9-41d3-9871-38066d8e65ad,89290b59-1046-4736-be31-7082ba35621e,75909,New Jared,TX
809e5377-bd8e-4858-ab22-9dd0fccae5ea,4bfcefc4-5963-4fac-a19b-9042ec05ae61,79615,North Sarah,NY
182820ad-4430-4625-8fc0-812c35ff2440,7af26a0a-ede8-4370-9a24-870f030c8433,30635,Maryberg,VT
7e2ccefc-8905-46ac-83e5-cec3cad33c14,62d480bf-7163-48f7-b7f9-4ef2c69062fa,17455,East Robert,MH
81ece679-0a1f-4588-807d-2d69fe029666,0ea5e249-d83e-47ab-a39f-b08ee9967145,76562,South Michelleside,NM
d2ad7995-43a8-488a-860e-b8a398d8ab02,15d4d1ad-cb8c-4562-9e0a-e4db86289576,20500,North Joannachester,ND
39e97cf2-858b-4bea-b2e1-349317387ea8,d2dbee68-fb8c-48cc-b6c4-df66ca5e0f8d,34356,South Lisa,MP
81857114-e4fd-4877-9fd7-3708b55179e4,0c4b0c8d-9196-4ff4-ab01-bdaafaa0ad41,18981,New Jorge,NY
2e455bd5-7eeb-4205-aa55-e950a3c226c0,729467c0-4c65-4695-addd-e658ec49b978,87992,Hillbury,MO
241bf377-ad39-4fda-abae-500d4e46919c,03e28917-7c85-449c-8c76-22b9df8746aa,18907,Lake Michael,GU
fd9395e8-960d-47da-b340-72496f10e9c7,6267e1a3-ad61-4f23-87c5-816e72adb6bf,98501,Ashleyberg,RI
829c584c-1db6-4eb9-9a4c-ce8f414c01f6,b8418d82-d52f-4d8a-8212-5d8d0b58e8f3,40828,Lake Howardborough,MA
3aa82c32-5db6-41fd-bc62-8b6fbf0cbf34,634765c0-a0d0-4f3a-bac7-9bedac907332,62923,Brownbury,TX
7dda9fb7-ed4a-4720-9861-f983fb3075f2,ef7fe2de-9dd3-4fc9-b988-edf29787a731,25713,Douglasside,VI
b69cf706-0c2c-4ce3-8bd9-712043008d31,56ae095e-9371-4a5a-91c1-006fe2c393c4,84668,North Michael,VI
d05b6233-33ac-407f-a9a5-f7378d17384b,e0a5714c-4b0c-4970-9a6a-a1014d09afad,42271,Bradfordmouth,NJ
1430d402-9b4f-4b3a-9bd3-3b1074a706b7,7408366f-7a3e-4ebe-a2d0-b2e101d04ef7,85880,Lake Johnport,FM
dca68e3f-f3f2-4832-a090-fc2bf80d19f4,f2b945ba-5f65-4100-b28e-4205ddf61e3d,87924,Stephenport,IN
fe212ce3-d10a-4b45-a013-44c2bf230e63,e562413e-a4c1-46f8-9421-8768449107cd,15209,Lake John,AK
585848c8-8dcf-4e5a-8744-d9ecc4628df3,732d980d-9376-4617-83e3-340dbe2359b4,91183,South Marissa,FL
4e7775e4-a690-4633-b496-b3445e1d0ccd,03e9b250-7860-4f7a-870a-1b32aa263880,20745,Port Cherylchester,VT
4a5261c9-133b-4798-875b-c0bf838c08bc,5d97c988-1005-4c46-b6e5-49a92660b388,64948,Larryland,MT
9eeb3464-23c0-430e-987d-cddb61425839,56859619-867d-4c0b-90c6-07d8898f5dbb,96163,West Timothy,PW
7e15f715-60bd-40d7-9f34-a6ca3a80ada2,d0a99244-123c-48ea-ba53-32faad62e31f,86503,North Jason,CT
cc8ce48b-1051-4103-9e8c-c1c934635d9a,e3954628-6644-46c5-b59d-09eaa81cd074,84085,Ashleytown,FL
9f08f395-d881-4322-a920-a5515e01b1f1,d4ad1d43-9ce8-4903-915f-e15e711f21f9,78522,Mikeview,MO
94454ff8-135d-4f9d-ace0-eab3a4055932,624e8fb2-eabb-44bc-8c59-fc8ca0ea9dea,51467,Jordanton,NE
91e69cbf-35bd-471b-8d7d-180d43c21649,02a06397-297c-47d3-b2d4-67f326d699fc,44179,South Kimberlyview,MD
4dfb068d-d8f7-4c2b-b1be-839e261e03b9,e70d2867-2929-415b-a610-7d18dabb86b0,36772,Thomasborough,FM
9d57418e-1326-4660-93f6-05484b199fd8,7c76801f-b518-4362-928b-a07c15aede76,97782,Hawkinsfort,DC
067c24c6-88ff-415e-9c45-43d6aa557bbe,0d42e391-ba47-4ec9-9f8e-842d23def4f1,51180,Lake Elizabethton,HI
dc508a5a-3aca-4807-b771-d37a47b8dfdd,eed2532a-8d14-485e-a016-5cb75c1ada25,41285,New Nicholas,PA
29737a6b-a277-4915-90f5-9d8c1a3de570,c6f80334-995e-48f1-b9a5-85c5c5695a10,44814,East Jadeville,KS
dfe39d0d-9d06-4c52-9731-691b7687dc5e,79deae9f-1895-49fa-a62b-7c24f9c0d61b,61876,Hayesshire,FL
108e2909-bc15-49a7-9d02-9059d36f2a93,0020610c-f695-46b9-9ebd-c55cf19a9208,27154,North Heather,KS
e95ae495-a5f1-49b9-9559-fce261ce151f,d4e235aa-ba1a-4b35-980e-79abd256ffec,98039,West Zacharymouth,WV
1e3ed7fd-a928-437a-bff5-2224bbe419b7,566118cc-e03f-4462-8b4c-ca9a448dd55f,94607,Robinfurt,SC
bcdcd005-99b8-41b3-888e-ddc6c6dd6884,ab49d0d7-249d-49a1-b930-a764cafa9d82,49321,North Colin,NC
9b15b6bc-94a7-43eb-ab36-648675df1d74,3db5a7b5-e211-4542-b58e-2e7356d5624f,69929,Port Rickyville,IL
b1901cf9-1902-4a1e-8c65-d047a673b5cb,65d5b3ca-24a6-459b-9a64-a26da7e4eb28,51441,Dannyborough,NE
07363277-342b-47c9-9a8c-ed94cf691abd,10f35c87-1400-44ee-9c9c-008425c56e2d,19508,West Kelly,VT
fadfccc9-01f1-4b8f-a369-afbc5ac6e757,e6c50311-937e-4e35-8641-8d7b19a6f5d0,11220,Kaneport,VI
ce5380de-66f2-45b7-a467-d01cea4357b0,bcf17448-d610-4b4e-bcc3-3a8d12799879,70068,West Timothy,WA
dbb752e3-ce36-441c-ab1e-52ca3a72bb2a,ed9af726-7247-4792-bd38-09667755cae1,91416,Lake Tonyaton,OK
472f7288-4d63-4983-8c54-3b9d13f10563,f199c851-22a0-4ab6-adcf-8f6151c695af,83792,Tanyastad,GU
e05af461-e762-4a24-a96d-5d6b4af0cc78,c5a926a7-08c3-411d-8f3f-1e63e130f542,23104,Santiagoborough,NY
020c2eef-ce68-4bf4-8ee1-ea853fead48d,e64e90bf-7edb-46bd-ab33-6b748e2d7ab1,19602,Russelltown,DC
e9ffe302-49e5-4c18-ba1e-0e76c7c76999,cac73d80-1416-49e3-93a8-59cc399b656f,80468,Port John,UT
94fb7c1f-6272-448a-abaa-bb874417fee6,8a274a94-98b4-4522-9918-f74038e31abe,37938,Port Glennshire,HI
7f268590-743d-4c25-9295-dde28d227479,dac9bea0-8cbe-450d-bbc0-6be687858b68,76307,West Mistyton,KS
bfe26cfb-324b-4738-b015-3d95a6f5f5c1,77784199-4eea-44a0-ba87-688ae41ba337,44760,Schneiderfort,PR
01cd7c0e-abbf-43a4-ade4-8edca2aa2048,6fd93c18-7b3b-4ccc-b156-09db1f2b29cc,27361,Lake Paula,VA
3e584f0d-64ec-46ee-b9ca-a188373af7bf,0c3e4e76-6684-4d8e-9d57-c6478180ba55,55745,Markport,DE
89b8b88a-4c46-417b-ab60-5e5e87fa87a7,716f1946-f43c-46b3-bbe4-0ad2ebd55d66,19016,Moniqueberg,DC
e5922c2e-da2f-4b41-bdde-b4026e42660f,a7d1c466-ccb6-41c0-b98b-d9c7f0fff3fa,42018,South Jerryhaven,KY
2e59cbb5-8cbe-4ff1-9fe9-b826f9824607,683115e3-82f8-44ef-a341-9b6dcc14604d,58434,Lake Roger,SC
ee363f48-8e2d-4df7-ae06-4a9460baca42,39122daa-30ee-43db-8bfe-a950a8e4a647,47353,Nicholeport,OR
cfabcfd9-aebf-48f0-9732-b7dd364b3a8b,3767c02b-b96f-43d4-aec1-6be4e9ab3630,30676,Charlesside,UT
72d71c86-8733-4daa-acd8-6999d1c3a2f1,eead1b7a-c0df-4c1a-86fd-fd93e32a3c89,67433,North Christine,PR
06296f4a-f4e3-45d8-a47c-77f4f80f0101,ef251695-58d4-461a-b698-b3bd1567c6a2,81200,Stevenberg,KS
0fd29c00-9b21-4a84-9585-25102c7b68ca,b61273ca-a3d9-443d-92c8-447faf50cfd7,49651,Wrightport,SC
28040cad-edb4-4b38-a276-aecbeffca0dd,4b6ae176-4cca-4eb3-8538-63e85e626117,90173,West Trevor,SD
2b8c3ff4-a168-4aa9-93be-5c350eab7679,546ec944-de6a-4d8c-8f5b-ea3a05ab5b0d,95717,New Brandonhaven,FL
257c4805-e911-41d6-be95-04425dd0dbe8,8a851b17-639d-439c-8e36-66d65657870c,79329,Jamesberg,IA
f8a6b202-d498-4c94-ac9f-12d0ef3c3462,eec56144-c15a-4605-851d-d16c2582f43b,11025,New William,AS
526fa2fe-70ca-40c5-a044-51002032b05f,4c9a4e11-c448-4fc9-93cb-8b3b8a4ed073,97538,Hilltown,PR
a208c41b-28b0-41d5-b028-aa14e20711b2,b7dc0253-3204-4faf-8dca-19b668c3a966,82692,Nguyenshire,VT
48f2846c-5cd6-4db3-b50c-6f179036bfde,120d75be-24d2-4bfa-95c6-2a25445dffc0,49240,Port Michael,LA
03799b62-f60d-498e-912f-069142ab1f0d,118c0a94-be21-419f-84f9-13946f6d4d45,96951,New April,LA
bac224d0-13d9-47e7-9fd0-636a8ad6b26a,b607990a-4ad5-4fff-832a-a46053f2fc03,23577,West Thomasview,WY
37cd1c27-de25-4092-b154-91cf69e15f1e,9681c369-9137-4705-85ad-7887d5c8908c,27601,Mcdonaldstad,PA
6bc2446c-fe8e-479b-b9fd-37fd9db550d8,6695ee2e-d6b8-43d9-b202-fd52e0be6a43,44664,North Charlottebury,OH
9d283b72-655f-402e-8a6b-293d6dc1a16c,577569c2-ddef-4961-829e-7e3ac1a906b6,25129,West Anthonystad,NJ
69b64a7e-0abd-4bb1-aa93-5f3a115ddb10,7cb5715a-d2dd-4320-950e-ad56eea3f71d,24029,Christinashire,ME
b19390fa-c595-432d-b2a1-b6c3ab8fd704,3c8491c5-a6ef-44a0-b9a7-513fb314fb66,82512,New Vincentmouth,TX
39e91d5b-1f09-4323-8e4a-090fad9cfb9f,4d7356e3-9df9-4343-ad86-7e5b81b77071,30374,Hallview,OR
0e896511-b0f0-407d-a843-dfc3693cf499,00059a23-b0f6-4e66-bf9a-0106288aba1e,45697,Masonville,AR
8c6d7211-5d23-4dc4-8519-ce0a39043a02,28ba14dd-cb4e-47ab-a7b9-814c16ef23f7,46930,North Michelleberg,IN
23a2fd2c-566b-43fc-a1b1-00389af947d8,d18d8c01-e3f7-4b08-a81c-636558cb4278,89276,New Kathleenmouth,AL
c3d3c24a-5199-488c-ba2b-84a44575253c,1787fd37-f7cb-407a-b87b-69783e11e107,37607,New Melissachester,FM
a289689f-a913-44eb-be17-d3c71077c53a,7f2f7993-4ed3-4df9-89f3-80e78d7f6366,54942,Lake Brianna,MI
5b83b55e-b321-400a-84c8-52f1c422dbef,c72fde1c-2afa-460b-b864-2ed0ce3a995e,36685,North Gregoryside,PR
10848826-c3f3-4cd9-88af-709e16681f58,072bfe6c-0547-4f16-b870-3da158ffd28a,93130,West Matthew,OR
4ecbf274-748d-46d0-ac9d-360d5ed148de,6ae0ff3e-ddd0-4784-ae5d-ed154e783774,44600,Mooneyberg,PA
c258d185-b3cf-440b-9036-d2f645164334,b02a40c0-e820-4dc5-a754-b49627328383,76244,Davilafurt,MP
6262d186-b11a-4ecb-bf68-2f0b35a0caab,3b7134b9-e240-4251-b282-f3c41e93e4cd,74032,Lake Bradley,NJ
2b152c95-2176-49b6-abfd-7cb0ff2cacc9,bfdfe10a-9f22-4671-b185-c4a1fdf7a6db,42914,Port Michaelberg,WV
4668b629-9138-4013-a464-eac6361def46,fcb32456-675f-47b2-aef5-a66baac1f6e5,16658,Thomaston,ND
c2b2bd02-dfad-43c6-84da-49b78539e966,939e0dd8-e458-4f92-a412-32149b7a0c1e,22097,North Johnbury,OK
cc7994f9-386f-48c3-aec7-457e83fadcd6,1e928b23-8d12-4b00-a95a-ad29cb537706,93136,New Kristen,TX
dba31abe-85d1-417d-86c0-8ff2d18bc212,82d1db77-6401-4059-8459-e6ebfdaeeb1b,65518,New Debra,AR
379e17a0-ce3b-4cef-b4c7-6e33314cffb0,898b87e4-b520-4e73-9f3d-9f667b3cc5ac,46265,Carltown,MA
c40347aa-9413-4860-9dc4-82e6c4942591,b08cd8bd-c900-452b-9c49-ae6c3838408e,15778,Kevinville,LA
d8322fd0-dba3-4e77-af9b-645c7737a4a1,15fbd862-dbb6-4ff7-a57d-f2ee0796262e,10464,Williamsshire,AR
d0f8e060-0550-40a8-8d5b-640ceaf6fc0b,1c8ff06b-99a1-4710-bc63-cf7ea4c184dc,53719,Dixonbury,MP
2ee207a9-58c8-4991-a748-d158ca5bab0f,5a45ff15-19c2-464a-851d-7fcc13969745,27146,Lake Pamelaton,MP
aa2dc0af-2981-4582-b0bd-e30184b613b9,b7d5a3d7-bf82-4554-88e8-64be274e41cb,93507,Williamton,MI
23bd903e-1b5e-4813-979c-566c6c559e66,7bd1507a-9ead-4f84-b492-81c5a81b9c27,44335,Bakerview,CA
506e1040-157d-4893-b379-7519903c8030,3b608e39-1067-45f8-8d0a-b6a75f54a0c1,31178,North Donna,AR
cfe31262-c7ef-494e-bfd2-23396739cf7f,3a454293-aa16-4544-b867-95c5a9fa2a1b,67912,North Davidville,MA
5558af85-b9ea-4483-bb5e-a9666ce49dc3,a999c593-9f09-4e27-9c80-fea3eea0e916,82309,Lake Savannahville,KS
373d7806-34d5-49a4-b79f-1bbfc6c14d90,15459161-b948-41cc-a467-834e383b386b,66057,Hayeschester,TX
eadc6613-6c4f-4f95-a573-b0f147577b7f,e7a6268f-ba50-4d9d-bbf2-eabdd3fb3c6d,83519,Lake Davidmouth,MO
71467c89-aad1-4af2-afd9-3843511ae6ab,71b05627-a50b-4453-86b3-2172c0dee2b4,11267,Lake Mary,VA
b9a3105f-12cf-48e9-bef7-2bbaa746b321,ed5725c8-eeb2-4407-8c2c-7e6a26de48ec,24663,North Johnborough,NY
be3c0d2a-f584-42f4-b132-2b47df214da7,bdca0ccd-01a8-4dff-a4ef-8d14ae22b32d,19862,Jamesside,OK
71f7e0f2-4527-41d8-aced-dd3d47e9b5ab,a4147019-2a59-4e5a-9fa8-c34c27ebbb69,29536,East Heatherhaven,KS
339ea6c6-9f35-4eaf-91e5-66424b2f56b2,80426ce0-6b02-4ba9-abf9-95553a10214c,81511,North Danielleberg,DC
13040ddb-81d4-4ddf-962d-d5dd1c38abbb,d4424d42-10e9-49a5-8e63-fe632bd2a144,14722,Johnsonmouth,KS
41123367-0fcc-423a-8af8-a54d0daf1c95,61517653-f0b1-4496-9dfe-b4cc5b6f7f68,58393,Goodwinland,WA
53f21ae3-01cf-4964-aeb0-c1b36c010a21,74bf8139-df18-4433-b0e1-de26db8e05e2,86350,Cindytown,MO
71ff502b-4733-4a7f-8fe5-bd2c4d32847d,c97f3d26-0bbb-4e29-bae5-02b3268da293,82420,East Paul,HI
662b27b8-4c59-4bab-ae31-26efe6a52bd0,8a86ea2f-39cb-48b3-b625-bfea20694210,29410,Michaelstad,MS
85658c62-db3d-47e1-b1f7-16310136476d,0a5b51ee-9b0f-4b6c-b131-a978c4e9ca9a,66333,Kylestad,MP
ff6cdd05-b984-4025-8c85-8393cdd68c4b,59b5b5f2-c6bf-468b-9257-f4876360c8a9,26704,Jamesberg,CA
27857564-5aab-4e03-b7d7-e028b83c4b8c,328a59c2-0f99-4c67-9903-8b044c807671,15482,East Gary,WI
2f2ef36c-8551-4ff9-8c45-6a9cfd87b790,78ece9aa-cde5-48e6-8ca6-8b332a2ae221,50404,Burnsville,OH
6d1605d8-1622-40f4-82b4-304e460f5051,27916217-da05-48ce-9a14-c0145d9969cb,57795,Lake Victoriafurt,VI
aff0a296-006b-4581-bcb2-aa054b529b21,4d64dfc7-46f1-4a15-8e94-cfb8dbac3f58,15229,East Ryanside,VA
eed38ecd-4af7-4cee-827a-abb1fdcc7519,d0eb5e6e-c57d-417f-acef-138d3e3dea2f,56898,East Jameshaven,MI
735f73fc-6f56-416f-9c28-9d48be8c4b00,462e2c6e-f4c6-43a1-a8b0-47ce7ae85c8e,37535,New Dorothyhaven,MI
2ff9cc3e-6569-4adf-809f-65f4fc99789a,5e2d6257-218a-452a-a4d7-9991b2bdb99d,99399,Jamesberg,UT
dc6b6741-299d-4327-a55a-8f411cfe58ab,314aaa23-5348-45b0-a765-523744d47c9c,42706,West Ronaldstad,PW
64e15d25-0db2-4735-bf98-5daa9cb7f3ae,6eaf8a48-5b35-4814-8909-85f317cf71bf,97416,Vasqueztown,NV
04d22c4e-748f-4caa-82c4-0d8f62994a5c,2115b19c-b151-4b97-98f4-7cd20228d49c,23473,Port Stacyside,NM
a9201066-b725-4967-8bf0-3a5703333c9b,af839d19-56c6-42f9-ab04-39eb6108bee8,56357,South Zachary,RI
09420d61-5b7c-4c4b-9f92-b867356c4198,0931054c-4fe3-407d-9986-6350ddbaabe6,83385,South Warrenland,PA
4e0c9078-2752-4895-b373-be8979b12dd2,9e72026e-a474-453b-a8d3-8156ead7b009,63264,North Stephanie,MO
aeee40f8-d02a-40c4-aeec-c7ab97b4789c,45027d30-c9ba-4c43-8616-427e13fe8701,91351,Hammondville,NM
7e396ae0-34e5-454d-a430-5af62161937b,0960d65d-34df-4cd2-983e-36696e559504,30257,North Amytown,TN
ae9837a8-01a0-46af-bdbb-4306c34f3d27,197249a6-f347-45d9-ac52-24f35dc607e4,41029,Davisburgh,AS
8c7ef5c7-5a1c-4e43-b4af-0bdcad0c14de,d461288a-362b-49e3-acbb-21fedbb71e2d,31299,Brandonchester,ID
c301f5cf-76e8-47a9-83ab-2aab8a85d037,f086b1e3-5611-44ba-8441-d34a798acff0,33206,North Jamesfort,NH
48a9c57b-fb6a-40ea-a609-b16a8fb4e6bb,b5e92047-6159-40fe-9d7b-7445f0ae235d,64040,Rebeccatown,HI
7498261d-d0ea-49c9-93c7-392dffbfa561,94bbb178-2491-4837-9347-60d7d76a9af8,13248,Sancheztown,NE
6536e0e4-0262-4f94-9eb6-9251b44417ba,f691ccd3-2f62-4bcb-9d48-93fac0b7d4ed,33509,North Aaronbury,WY
cbec8698-be65-4fe0-873a-f269142f3f44,97b270b0-0e47-44f7-9fa2-20d439630c3c,53540,Dayview,TX
fa9324a4-6aa3-4d43-972d-8f128b99b72d,e738c783-a9a4-4152-bf08-4f27c1695af4,63964,East Christian,WV
3102e4db-703d-4b55-b80b-39c2c94858dd,874bb3cb-ff7b-42e3-9e8e-815a5b2e9891,97806,Lake Danielchester,DE
cd53d034-cbad-47f5-8a5f-2fbea1f907e4,275aa2a9-4b3b-4b30-b5c5-e1de063608f2,42527,Margaretton,LA
f8269a39-865c-449e-9607-5bdc63da540c,1e0a306c-e77a-420f-90fe-6aa62cc34eb9,44970,Davidberg,MA
76a23995-0f5b-48bd-add2-9cb622522c04,4b29d652-4339-4817-a40c-4ee08367cf2d,30866,North Jacquelinefurt,ME
c3991bf9-4cc7-416e-bfdf-4793d67b1f1d,eba36196-dcdd-41ee-b947-a29910c1aebe,24168,Denisefurt,MN
aee610f1-c956-430a-9094-47cc342db2af,98c09540-b2fe-4bc0-bcdb-8ccab4a56309,60140,New Ericland,RI
b6db2c1b-543b-43c8-916a-7f5490306632,aa686920-2312-43b8-90d7-779b52660b26,15075,Berrymouth,ME
bed8c47d-460b-465e-9484-0fb851e02609,dea14ae4-b8e3-470c-8414-0d1f143014ed,71694,Lake Kristyfort,CA
99b10785-6183-44d3-b3b3-fdcac071570a,e5bcd5bf-a72d-405d-b680-4f6d35637624,39154,New Lindseyport,FL
debc3941-d445-4097-a155-42f0dc312499,8cac7f1c-8e68-4330-81a7-9041289c30f6,36158,Stephanieshire,VA
21ed4e10-c1a5-4ce2-9b79-b6dfba3bff35,77ab468d-d82f-4aa5-8ef9-f8adba58e650,70332,North Amanda,WV
ade62a26-6d02-4bd1-8bc4-ddfed96adca3,a982c6e2-8d13-42a8-9190-2bb8715d1855,55830,Peterston,CT
64e8e4c4-b707-4f35-b9b0-a96845a004df,54730ea2-24e9-4f6d-907b-7d458747ed24,50001,Joseville,VA
6abc6026-9c99-4690-b576-187088da9572,f8b43aef-350a-4e13-96b7-beb271512516,39831,Lake Kaylaville,TX
7bf475ec-3920-47ed-adcf-85cc8582f756,c92c0ce0-fa98-4e49-89b3-b81d3405ccde,39219,Olivermouth,MA
793c492c-67d3-46b2-a1fe-82c1beaa223e,201e2486-0ad7-4a5b-973b-443d31b39f6c,13101,Elizabethmouth,MP
9f8b2a42-ce13-4871-9f9c-a85283a45a09,7ad77b82-dbb0-44fc-8250-87ec2f843abe,96511,Washingtonhaven,NM
15f9ad1d-0e7e-4cc0-bc98-8c132bd87bc9,541a9411-c47c-4af3-a35a-f22a4cccc6c1,35313,West Johnathan,OK
cdf2a747-a28d-49a5-9c79-cadb4d45a026,a2dfbc73-544c-4740-9a2d-753207f4f6a9,62227,Mcleanfort,DC
cc78c8ba-8e4e-435c-a45e-6859481bb5f9,f3f38c0b-a2bd-4f52-bfdc-7785f411e6e5,53025,East Christopher,CA
bce4271c-c43b-46c7-9d20-fc5f11ce5dea,3fa6e0ae-6dc2-4a8f-a5c9-29df52d41fe0,46517,East Dianaberg,MH
9cf14d28-a9fd-4675-bdaf-5a4c8b8c9435,bea2715a-306d-4b67-b126-4cb7ac646ff8,19099,East Faithshire,ID
c6de6097-17be-41d6-b0b1-cf433fd98570,9109ad5c-0b35-4b8e-9627-48fa7259b8c4,46585,North Zachary,NV
6208708f-2e32-4909-8d94-13da1126ad38,c4899e75-0587-4f24-bd1b-fb822f394ec9,56025,Lake Jessica,FL
6c15eacc-760a-46a4-b145-81451c63d863,b5c5ad04-4784-470f-8586-483c1a74e0c4,94080,Danielhaven,SD
76f71362-32fc-49f0-abcd-bd58e9a67296,f42283cb-de79-4c41-a32b-5d1e35f2d8dd,76768,New Pamelastad,AS
b00a0761-3f54-46aa-bc73-9b1069461d80,dad0f500-8d19-446f-90e9-244289b8f708,62386,Michaelton,AS
d101e37c-ad1c-49ed-8c01-07b9402a139e,e2d43bd3-5fb0-4b9d-bac5-9050f1b02e2c,99065,Williamsview,AK
5e2b37ab-dbda-4186-a3b8-7fdf3fca4a1f,cfd25cde-d33a-403d-b98e-afb93be41dc0,80282,Charlesshire,MN
949690fb-8324-4054-b33d-db5318112ddf,841f2c29-fbcd-4681-a2f3-d1ee8a7a876e,53404,Port Vincentmouth,ME
d8f05ffa-f318-458a-80b6-da40effb05dd,fa990cdd-d2ff-4ee1-bfa6-ee176a91b633,13617,Lake Bruce,AL
c77c78be-eff8-4c1f-b8fd-a03921d8579b,5d2e8023-4737-4fda-8df3-93a121859a76,25118,Meltonland,WV
2e253c62-db56-4a76-82b6-a462751d6079,b7e59600-16fb-47ca-ba75-b07fe3497edb,44237,Melindamouth,NY
9958d4d3-5e10-43a8-b948-89089eb29dc3,bcc2b2f4-0a1a-470e-958a-d459d5cf8f4e,33405,Port Keith,MT
d305788d-f2e2-4e37-86fd-56a89495b5e6,6decd48e-df2d-4ff3-989c-6fabfc6af606,86099,Carlsonborough,IN
5381e819-e579-48c3-90f4-2d706f9b457b,c5171af4-dc72-4639-ae45-4a564d9d1cf0,44795,Simmonsside,ME
87275082-5e1c-425b-a010-6bf21e4524e2,6e8c72e4-57a8-47bf-ab6b-d6ad11f04556,15014,East Ashleyhaven,VA
fa4be58b-192c-4ad8-80bf-1503cd4c7d83,a970bf3c-2957-4ac6-bbcf-10aca4e2add0,24208,Mitchellhaven,VI
97886831-2f8f-43eb-a1a2-77632fbe767a,09e47179-bbc4-49ee-ba2e-6e06144388a8,88193,Lake Josephfort,ND
83cbef17-cf75-40da-a9fe-b91bff20c6c1,37ca3b01-d829-4f29-a441-be47cea555f4,66959,Lake James,VA
1c67ab8d-5ae5-473c-a44a-127f1b8427f0,6f99d404-3f07-4c0b-a587-a234fa0bbdb6,55309,East Miguel,MO
aa359e31-32b3-4065-8cab-20a28a2ef711,a1d040eb-ddba-46a6-afb4-91f65db0a88b,51114,North Laura,PA
9bc0b878-79b7-496b-8030-39b65633d51d,e7006377-7b13-4e91-a678-f1295b98bdc0,67199,Jeffreyhaven,PA
6cc5c964-174f-41d8-bd73-780fb08ca178,af357b95-52ee-448b-a345-8e3ecd7b9ef5,89457,New Brandon,CT
bbee63d0-aeab-4a96-88b3-ac827dd0db34,c279838c-fc33-405d-a840-57152b116a6a,77033,Port Calebview,CT
7f6021c8-f03a-4a26-96c0-2590bdcba3a4,b4282388-1e87-4cb0-ab6f-48e40bab8ad2,25157,Lake Christine,MN
41ddf948-856b-4d72-be44-38a04035cbbf,5352fc9a-e78d-4d26-a99e-08e97087d393,60488,New Craig,IA
e495a614-9d96-4356-87d7-f4add912a8a9,a738abb3-acae-400a-808b-af33f3d2140e,85574,Susanville,MI
5001b7e6-03ca-4885-aeaf-dddc850d0a32,41f411b2-41ad-44e8-b3ff-baef7524fc73,34914,Berryside,SC
d7142ed0-b526-4d9a-a2ad-e8d8c5290e9f,ea650ca8-d98f-4a98-989f-2380f4d14b97,43386,Brooksfurt,MN
2cdac2c5-546b-4333-ae82-3ae1f7653e9e,b5805ecb-ff4d-422c-a458-64a4bf005e7b,15817,New Terryton,MA
e6ebf007-123d-498e-8506-e1718459151e,783ed1c2-fd72-40f0-8f84-3a1e2d54a20a,67154,West Randyshire,AR
38541108-b74c-4d06-84a0-05fb7876bf2c,7b779f83-5094-4e92-bbd2-e267873fbf3a,10221,New Tara,OR
0398081c-72b2-4d06-b45f-6292e4e4861f,4948c92b-1e27-4ee5-9d70-ddbab4db25f5,78146,Wagnerfurt,NM
86f00318-e804-4165-96a8-247ee321ed8d,5fafb199-f721-4a2a-b6f0-36a6f26b8eea,80575,Marshallchester,OH
a217ace9-7a90-4567-8695-974fce9b620c,4873fb8b-c268-4821-91d7-ea8f833f273f,97900,East Jessemouth,NH
0de2c65b-068a-4fba-b0c2-94d589eee57d,5eac5897-3b15-40e6-a687-93f3d46d20fb,35825,South Michael,ME
17558119-e4f4-434e-9d67-9e3081707bc2,816ad98f-df39-4941-99ba-7b6b18773d03,57739,Lake Megan,PW
b28ef258-1ecb-4c18-a76f-4c08a32e2e3f,73045fba-54cc-4a95-b619-8e5ebc835d03,66531,Dylanview,CO
c645b13e-7012-47f5-8863-cbbf92a64d89,8786cb87-f362-47a4-8e08-6a9423a992e7,19171,New David,ND
8c1d2af9-4b52-4b83-8064-4cd9f717e418,77a22021-14e9-4c70-87b5-b57636b3e107,97062,East Kevin,VI
1c022075-695e-4983-b194-ca129c66afd4,ba9dd551-c055-4583-b7bd-db3384c67f82,53279,Stephanietown,TN
47f40595-ac0b-4bc0-96a1-4deb7dbb9e70,29c26d21-f7eb-442e-af03-84423b20a504,91678,North Jerryland,GA
492eaab9-d9ba-419f-9a37-902e975b04f4,d04b0a0c-6f4c-4a7c-bcea-c4c31a0e309f,51145,Johnborough,VA
782cafe9-1802-451c-85f2-6826052e8e08,d3677b88-dd08-4f64-81ea-243043891126,96951,Matthewtown,WV
37215960-89ce-4463-a9cb-569c2132c96c,005eb3d7-cf1e-47d8-86a7-d795d0b5fe94,26334,New Sheila,MO
4fe7767d-0447-4fd4-93d6-3afc0fc8b9a5,6c5722bb-ec6d-4552-bac6-02a16bc02f6f,49363,Port Graceton,MI
c8763e96-dc4a-42c1-9739-f9c694c69876,5053e878-105d-4fb5-8d6b-ac8403097695,76469,New Rachel,SC
21507bdb-2e3c-4992-97a2-149fd286445e,6fd7e685-fb64-47c1-890b-f411ee15bb7d,50538,North Ashleybury,KY
491d850d-5f68-4e03-aebf-eb8488aa5f51,464c97f3-98ad-4e23-bd98-c2f29adcb4f3,97410,Christyland,TN
3f0de6b6-4b7e-43ed-bfda-238d5258ebc3,8548b7d0-2f29-45c8-8f5b-1c0828d9681a,63528,North Coreytown,TX
028b649c-b74d-4038-aee2-bf39f70dfa36,66467dec-0b07-482a-ace2-86f1ea4bd149,52753,Port Virginia,IA
faeb07f9-6a40-49e1-bcf4-0abea54ecc23,1f3d1a7e-a2e7-4b08-b4d4-49cff46471a8,62743,Cynthiaview,AK
dfc4f57e-811b-4c3e-91c9-c2008c83fcb1,f2b9f1e1-3f87-4680-b884-7b958c0e1c75,48752,Teresafort,NY
fed1f8f2-dcda-4cf7-b953-48a34f3b775d,b49f753c-b9e9-4e29-9044-6adb33261b6d,82667,Daltonport,OR
26b2a541-5486-4239-aa71-0cc694d7e2f4,b13d5a1f-c974-4663-b384-210031b54d80,26683,Jasonmouth,WA
1bdb665b-e718-4297-a1ea-460644752d2f,6f9b90c4-5903-434b-849e-9884d2a035d1,35144,South Andrea,VA
b6aa9032-9b64-4ddf-a1d7-3c478ff58d22,2db76be9-7a4d-4f22-a317-69fda7d4bda1,65108,Lake Deborah,MO
1592ce75-a359-4382-8cb0-9afb0509a7ff,02b6ad90-7352-4d7c-b74f-cabaca23954e,97153,Angelicastad,OR
900da9ea-fee6-4fcf-96dc-ee76dd84133c,3779355d-3eee-4c6b-b7b2-0962e6e15f92,59695,Johnsonberg,GU
b04210de-bf00-440b-8dff-cbf727bd021f,c40ab0d4-75fe-4b09-ab99-25dd7e3ca1ac,98777,South Sharonport,MA
295bbe7f-63a2-4d4f-a9c1-a7ff54b0d035,d5172136-2539-4849-8516-41c84fd13a2b,32810,Madelinefort,AL
f545c347-992d-458f-8a02-9545e7a5a487,a69f9d94-76a2-4dcf-8715-e930dca1a31c,90676,North Jason,ND
4e92fa0c-eaa9-4940-82cc-ea1106f5a999,f276dc40-eb01-4045-8461-8be36cc9db92,84593,East Jeffreychester,MA
204badb8-5a2b-4a9b-9de5-afd96a42067f,649f99d1-eaf5-45ce-8902-5b0560860a7a,49446,Romerofurt,AS
ce79eba4-ca8b-43d7-8a27-6a47583b1562,2d95a100-f860-4333-9698-ea17913da680,63225,Jamesstad,MI
e978b772-da9b-4503-b8f3-b8ab670c19ec,9453b1ef-3742-43cc-9ed3-df2102af83dc,81819,Jamesland,IN
a4a9ff39-b133-469a-83b7-0c1e544b8d5d,5de7efd1-5c13-46ee-95f9-f843d75ac480,10053,North Tarachester,OH
22d705d2-08c3-4500-b19a-1e2488bb6696,6483ab8a-06f6-4598-88af-efdcabb8144b,49829,South Rodneyland,NV
b6e8d230-3dd1-4e21-8557-da3021545284,760030ac-2cd2-4bc1-a9a9-20f19e52a8c3,47606,Teresaborough,WA
df9e2548-8766-45b9-bad8-4ee882be0a5d,f05431fd-f04f-422a-b2d2-e16ffe1800e2,37549,Hillborough,WI
a8aae96d-cd32-479d-9029-43b138cc597a,ef511805-10cd-48a0-8728-62abd0581b78,66346,Robertmouth,PA
f070c542-077b-4e16-8e8a-5e1101bd3c15,0537685f-a8a9-4cd1-83c5-3e378814b238,86019,North Becky,ME
9c9cd022-75fb-4d2a-9454-cba62f1bf3d3,3c7b2391-b97e-4c45-a381-1661d0973c61,89516,Santiagotown,NY
ef53e9ea-0bd2-4028-8d3a-acc707ddc9df,05510063-6c47-4a02-b1a5-6ee2bf5f1007,95813,Kristopherburgh,MH
a44e5b9e-650c-4074-9241-027fdcca828e,d052e043-8c8d-4724-9e74-4c0b9b5f30b6,52237,South Kurtfort,WA
57177f4f-f336-4a49-a49a-643a0c875e07,b4381328-e4db-4232-9517-6b1030a867c1,70946,North Pamelamouth,GA
a8ff1112-56f2-48b2-b89c-4bf18bb8b998,4437b102-2e90-45ed-a693-988c87171c3f,67905,New Charles,MS
f186a3c2-030b-4b8c-8efe-8fa7cc7a3af7,d07d00df-598b-49ab-b150-3bbe7ce70e50,67954,West Larryburgh,MO
4c82a074-a89e-4f3e-bc60-73b51e0de545,09a9a79f-4718-4a20-ae03-232cad0deba1,98555,West Gary,AL
9872a7a3-cff5-488b-b311-07764cb2dc91,e04cdcc2-2188-419e-9fdd-27d6528520d4,38010,North Allen,ND
270bf8b4-3966-44de-a1f6-ae8b0e166e41,538555ad-5aa2-4366-abbe-20fa0001f815,77000,Haynesfort,ND
2a9c2956-cf0b-4e5f-bc1f-795e3400d722,5c647113-a6ec-4b1a-b237-d988f72aae04,72021,Coxmouth,NV
72d6c10b-3974-467b-94a7-4f25593c5703,d93d06fc-463d-4ddb-af8e-277137cdcf23,32241,New Teresamouth,HI
14fa3f51-14e4-4537-b814-1257b0f1de95,4c82c7d9-b971-4cc1-8d33-65c854f8a4cb,96356,Josephbury,PW
f1e416a4-f9ca-4e99-bd94-f369dfc47a82,c7019cca-a653-43a0-bc46-ac1273a2664a,21114,West Monicahaven,CT
f886fdc7-c0e4-43c3-8430-46580178cb64,85250988-9fb7-42f7-9df3-263cd7415b29,47196,West Erika,SC
0d417338-2528-4a4a-a22a-d5481cedcaf5,27597168-4da9-4364-ac0e-4432612f960c,77561,Jeffreyburgh,MH
0c5c8233-7e2a-433d-bbdd-5c59c90f4250,f9a5d0fd-39fa-4a54-99d7-99893d92a59c,97012,Haydenborough,DE
982d2306-b58b-444e-b11d-d405cc73ebbc,71ec69ed-a732-4eec-8f0d-7fef6b8a11f7,92960,North Jocelyn,MP
70716b10-70ed-4cda-a088-0f90c209aaf1,4f8c305a-60c1-4bdd-83f2-dda58c471de3,91167,Lake Jamesshire,OR
bcc68ea3-3b09-40de-a5c1-5515273b9876,6671f000-c022-4fd0-9711-6f0145040e6a,53933,Ashleyborough,MN
7ffba166-258c-454b-ad70-99ae5be7e63c,792ae03b-5b79-463d-8a21-50096bb24466,22240,East Keith,ND
19fd6434-ba4e-4473-ad41-989ff7a27458,d09cd2d8-aadb-4be9-9934-07b012075a0a,40784,Lihaven,WI
397777a1-1e3e-4f2c-a874-95ce5e85ba57,fe5edef4-31db-4408-9394-7f44cee5b8e6,98184,Blackwellland,MO
a8887d88-8306-4864-9923-d7e540db5f1a,cd4099b8-e7ad-4606-b520-7f86e11f3513,50687,Kylemouth,ND
07bc7fad-7dd7-41fb-9ef9-a251e831190c,430cb14c-5d83-4cee-84ac-badd50113dc3,39444,Owenston,KY
3575ea3f-f90b-43cc-ad87-841ee2e4dc6f,24325b09-ccac-497d-ab21-590a0b35c768,36100,Michaelstad,DC
8634fd51-1993-473c-80d4-1c860c6f0aaa,beede361-7997-4a87-86fb-8dc1f2f0124e,29313,South Amberchester,HI
715fc2da-ae85-46bb-bdb9-b922a7e6b0ff,e1ead510-7cac-4675-8b18-80d77b2944fb,13201,Lake Jennifer,MS
914f7af9-196c-40f2-b888-9e661dedbb50,9e4aa31b-2415-4b17-b6ee-ff054f325bfa,16057,New James,WY
2e1c9983-e23f-43d7-b50e-9405b0aca100,b71da5dc-dec5-44b9-bd44-5da5d7380cd3,42092,Lauramouth,WA
68a56144-c8e1-4563-8e78-ba844ad640b1,38a03948-ba50-493d-8610-0946442a936f,72277,East Adamshire,TX
7f00291a-1266-4cc4-98c3-a63b67b4ffee,12108135-be5a-4c17-821a-b2c1ec79c3fc,90120,North Staceytown,PA
4f1b9266-0e58-416e-bb31-999a9b8d4027,c922e3ff-6289-45fd-9968-1902feae1d80,19545,Dianestad,TN
cdc5b7a5-c9ac-4c07-b4dd-9dc462849cf5,5215abd9-392e-427e-981b-7588a9ba2885,69692,Steventon,CA
dc034cd2-91e4-48f7-85de-b3e633252d3e,91119625-38f9-4b40-8c55-30cf8976a558,64321,Gonzalezside,GA
9cf6b51b-88f8-4c29-80b4-9e06cb7c8310,6df5d112-66a1-4294-83ff-1d92cdbc9d5d,92544,New Pamela,NY
c9aaf69b-5e2d-47de-8d09-7b8d529845bb,0d80cd36-ea17-4f1c-8271-8da94dc33a70,85454,Chadhaven,MD
b593ab07-873b-46a5-adf1-5bbdd2db81e5,7a17f30c-b1bd-4f89-ab24-6a45da727c20,35485,South Michaelberg,NY
640f61f7-7b75-4958-9685-43aa3a601d28,bac58fd1-cbc9-4988-bb57-f24fd7c57947,60328,Port Michelleville,WA
754bdaf4-04d5-454c-b796-8ed7b90e1e10,97ca995e-1d0d-46b9-b8ec-e216bd2b08b3,74799,Lake Jessicaside,PR
f8887419-c669-418e-a14e-24c6ae61362c,7e542e9a-b164-4270-82be-cdd34802d0b0,62383,East Jennifer,NV
329deb3c-ce15-49e8-9aa6-c8ea149296e5,7b0906d1-8b1d-4420-92e0-8e4adeff8c40,41979,North Courtney,MI
d488b59e-0d05-4620-8a58-9befef9a8a43,25a12028-bc03-4fa3-9d42-7a2de4ebd94b,29342,Stephenborough,VT
8f18aef6-30a2-4526-a247-3529b546ff53,90684c41-ecb9-49fb-82ca-a70f1d9079ad,95990,Port Heatherton,WY
7bc5a661-62c0-41f5-af77-e514204f446c,0fb18c43-5ccf-4267-beb6-2c2ce5b18c95,10726,Rhondafort,IN
3ce8f52e-4899-4a67-be00-027a3b30dde6,5a9c4ee5-73b0-4aa4-83e8-279dbe92e7b9,23970,South John,NE
95706266-781e-44a9-8c44-e7680fb06b53,5969b545-9ce3-486e-a68e-176f6fbbcfb7,65724,West Jennifer,NV
75246752-e772-4cc7-aa31-1dd93c8848ae,09a9a1dc-7678-4b40-9955-73574a223f11,38683,Robertsport,AR
6be68a84-6b33-448b-9d57-f26c61e31243,45e3ad54-167e-4192-9e7f-8a4eafcdbfc0,33053,Bakerbury,WA
81f0769e-74f9-4c32-9414-b68d7fd75d70,330e8bf8-49a2-49bf-b2f0-7e9f03b7765a,77889,New Reneebury,DC
c64fa7cf-8d1b-4d40-9c9d-b320f1798c60,1474f905-5c17-4e9c-af69-f9a50c50cec3,70889,Martinfurt,ME
5a9d0c98-7027-44d0-bc82-ac0da7dff459,5915ca5c-ae69-4848-873d-d74341d7b29e,16582,Lisaton,NC
f33f017f-f73f-48fa-9b1e-84741eb49a28,e9bc2d74-eb82-41ee-bd76-5490017a92e0,83060,Riveramouth,VT
c52ff98c-34a9-4249-aa71-97d2aa52e9a1,56927be3-335c-4d1f-8f9a-94cfc8e333a4,42662,North Nancybury,TX
2e4d2ed8-26a3-450e-ac35-c1dae19e8a50,45e117ee-de43-429e-9e2c-0e9fe1957ada,25906,North Brian,KS
8a9e5101-448d-4932-8345-ef4060e42c91,d3c22435-2e84-4055-8762-6b6e969fe38d,69829,Smithfort,PR
267b4246-ec6c-4c70-9c96-1f378682eac0,c36f85d4-8c7d-4f25-891e-6053dd72d6a2,27477,Lake Lauraton,MT
b82538bb-4d11-40cc-bf66-467e7127c71d,1ecef280-b29e-4a34-89c0-2b3e5ef109ee,70901,New Catherine,KS
c856f595-ca09-4ccb-a47d-69dff9a96771,0d4be02b-6d69-4ada-ad41-0a3c3cfda2e0,97500,Jenningsmouth,FM
469d58d8-d3f2-40e4-adaa-2e3e888b84bc,65990e80-251a-483a-9897-239e62804bca,79616,South Joanne,KY
8417e215-1716-407a-b4b5-1980bc9b51c4,95240fc0-05f4-40a8-b61d-bdae043c7f07,83259,Walshfurt,ND
1f94d48f-95e8-4703-ab2e-4d165aa228c5,3c84b54b-2cae-48a8-b965-b7dec8028f34,88047,New Sydneyfurt,HI
f860371e-3f4d-44a3-b224-39ee59948911,070255ed-31d3-4e00-9045-40a40ae34b16,51588,Josephchester,AR
b7547250-79e7-4379-8065-51aa2d72735a,8a42bde9-4389-48e5-8128-80b2fbe726af,68008,Johnsonborough,IA
068f5452-6db9-4486-b598-17cb2ab9af40,0c0e5134-0ab0-48f0-9e72-24c8ef72aac9,90301,Gonzalezfurt,NM
b1d43abe-a4b7-4153-b63d-5e7b4b771b1c,6e0f393d-6b74-4b4f-93bb-9a91fc980c9a,76162,Randyburgh,ME
46c23bec-3f02-487b-b1aa-cc3c24a44910,99ea38e9-6345-4afb-abfd-3b16f658f190,65933,East Matthewhaven,KS
4032506b-e9fa-4ee0-a97d-b03eac639b81,c8856920-1e48-4658-a172-3aff651176fc,81810,Harrisonville,HI
f2150cb8-96cb-4804-bf11-c2a7597febf9,262d62ff-43d5-41de-8f38-8822763ac706,68446,Bridgesview,RI
88197b05-42a9-4344-aa82-a08a0e4822cb,e8c333f2-f137-4af4-a650-29d4f6d6a824,30861,Patelstad,NV
7df468e7-4c97-4971-a2f7-adb1b062a08f,648be802-b542-44ce-8455-86d3b463cba4,72216,Alyssaborough,TX
a1da19a4-4641-4a8f-b6a4-c49e6caa8db9,cf1db18c-c323-42ae-a128-a038e7fb996c,68991,New Corey,CA
841029bb-a807-4515-b674-56db478a10d1,1cead89d-f3a5-41de-9c58-c0afbf7bf21f,43972,Marioshire,RI
aac5a585-b6ac-41f0-bf2c-1737e3d5fd9c,9918bbfc-4281-48fb-8bed-b0613740de5d,42406,Alexanderland,VT
8910035c-1559-4bae-92aa-fb777cd11d59,ee088080-c856-4fd9-82bb-c4443dda42ea,93579,South Nicholas,OH
fc210592-f83c-4023-9d70-f2ac60c46e40,ee40eac7-4755-4b8a-bad6-d687013bccc5,46347,New Benjamin,IA
5dfea42a-b22c-42f9-9ebc-4c6325f98a22,a402d1fa-0c7c-4383-973e-504513bf7d22,78327,Campbellburgh,RI
28c9c0c7-fbbc-424f-a178-3eb0f2d16a0a,8266b7bd-1778-4088-bb38-7e4c456bcdec,73517,Roseville,TN
6e78a43c-c3f1-466e-a3fc-b45b7140fd3f,53a31060-dab7-40d8-a461-b1daa63bd5be,92149,South Michelle,AZ
326abbdf-56d5-4764-95b2-90e7dc527c7a,b2203d09-69f0-471f-8e8d-929729dca431,41358,East Michaelland,NV
99d03f74-672a-4f38-8d39-056281231aff,adb5e0ee-7b8e-48f5-96a1-d5458e389148,45992,Johnbury,DC
3e433f11-4c94-4b7b-9f50-316ad95fcdfd,e5088901-163b-4d89-bfce-65f6e6caf7f7,67654,Edwardsborough,WY
25cdcad7-a44e-484e-8cb0-eea4f5062cd5,38ebb418-5a6b-4d09-8d1e-fbc49757912c,20155,New Christineburgh,HI
66a81da4-2a9d-488c-a2f9-51061e59814f,8307a7f1-ece2-42f8-88a0-b0aaadbecf69,47450,Port Kimberlyview,AZ
b2f1d212-ab6d-4d22-935b-5cf2455559c4,a60fad2a-5efb-4e05-b68e-588e1812c3be,40735,New Brittany,MT
63f9fa70-8eb4-48fe-9a13-7f2abab6005c,f8a4f06a-77bc-4ab4-b736-833e8f4f5756,45614,New Jonathan,RI
48efc274-2450-4a2b-b256-ee77fa5d7505,151d356b-1c58-4615-9fb6-7ffd2dc51710,54020,Matthewsview,AL
8e14d7af-7503-456a-9ffc-2174e3420096,1903afff-263b-4057-8d19-d8a516a2ff8f,51904,South Alanfurt,AS
7b43371e-3320-4e8f-a623-ed9362faca53,6cb769f9-ec30-4dd1-b28d-6b9680d781a5,80798,Port Isabella,CA
04cbe19f-952e-43cf-8606-419a77b1c4c6,8c8a6501-feb3-43ef-937a-5f8c7b0235d3,20561,Lake Dillon,AZ
bed91d44-37e3-4b92-96ed-5d28e516d0df,3ca90dd5-8a79-4c19-8d42-6afc07db5ca0,28136,New Melanie,CA
a30b0034-09c9-4489-8e7b-530124ba5516,bd29eb34-3d8c-4350-8a5d-a43be403bba1,29769,New Curtisfurt,AL
9c4c3bcc-fb07-4c1a-9e9c-fa1d3e4f9c0b,0332b38c-03a6-4624-8b40-4a5319abd6a5,40311,East Xavier,NC
6b97323a-21b2-4e37-b0e2-72289b00ad98,d3f5caaf-ebcb-43f7-8caa-be389a98064a,60205,Cameronton,AL
38fc99a8-3b6c-4616-8afe-bb97de232d71,a5d4bc20-97da-4425-9c34-296457d32797,30028,Burtonville,MA
8cac953d-35db-45c7-82ef-ffc2e13c652c,83809daa-58fb-4716-be3e-d542e3522737,38043,New Robertmouth,MT
8c046dce-d112-48d9-abef-b0dafc2126c7,a44b1ae6-f6be-4dbf-a816-f3e4864f491d,18418,Fernandezside,OR
67041ff7-7bf1-4434-9c89-6fb0c566e885,7683bcd4-a5aa-4cd7-90c9-20daac128707,64377,Lake Maxwell,MH
a5d5c9c3-91eb-41c8-8125-9befbc62423a,48a0939f-676b-42b0-8b73-eac73beeb1b2,63424,Haynesmouth,MS
9cb9b08f-8e7c-4fd2-8ad5-3ce12e144be8,9c9ba84e-a7de-473f-8522-1ba5f0e067fe,53369,Jessicamouth,SD
e64b6520-a26b-4be9-b3c9-e58be255e2cf,677306d2-fde6-4529-a633-8db166000886,81121,Melindaberg,FM
dc5d4e4d-dd89-4f16-b98c-a5990585c2d1,36839f32-8cdf-422d-8fcb-a2cf5827411e,71069,Allenfort,MA
1a397fd3-9bb2-45aa-b38d-b62a1c65cfd6,c0c1784d-a56f-4030-a0ca-0efbc1b63f33,64496,Bellshire,NY
93d13e7a-09a9-4cd1-a8ea-348e93836740,649de271-be53-4716-b5aa-61cfb2548637,18161,South Jacobton,MP
9e511ccb-79f0-449b-bb96-04d30cee3d68,9c60c762-0a2e-49d0-a863-e22b000efe24,37110,Villanuevabury,MA
bb1a8d05-daa9-49f5-a08c-62bfe2e521c2,b7258c57-029d-416b-bf8c-b847785e8591,65069,New Kellyborough,IL
04d0f36f-682b-48db-a021-233f74cb7ad0,006a8dbe-a248-40d2-8d20-8d1f67a720ac,61049,West Antonio,MN
3e2d7cca-d2b8-46e9-b11c-9a0fdbb9d752,ed683e72-e16a-4180-add3-802e52ea3b1e,86556,East Theodoreport,MA
ad80af37-957e-43f2-921d-21ae01f5775f,443766a2-1f63-4d2e-b6cd-a42e1bd8afca,12560,Travismouth,DE
9be65288-5416-4ce3-9387-ce36fad2d6db,1ee9ef67-9653-4c37-a84d-568411bc6a11,85456,Myersfort,MI
d214e727-6436-4a25-9ce7-475470dfa7a2,6697b995-bfaf-4dbd-a94c-ee121a46179d,59857,Walkerport,FL
45fba7ae-0a92-4326-8d49-e2ac9eaac344,2b65cba5-68b6-4949-b857-ca038f6d5859,72518,East Rebecca,MO
5e03d7ea-88c4-4101-b2cc-57203c10381f,ff75d0f4-91db-4db1-84cf-d97e6fe0dbd9,10772,Walkerland,TX
833b7c8f-7f33-49ba-9b25-442506cc480c,3c59771b-e76c-4456-a7e5-a83cc560f1ff,56105,East Brandon,VT
eff85a0a-4eb5-410a-8293-d4f699027640,f63f70e8-bfa7-4bdf-be7d-ecbf182c1987,49139,Brianhaven,GU
c5ed161e-a894-4de9-8cff-48bd9ff3b399,69abc12a-e7fc-44cf-bda3-2ea7616312a3,61116,Juarezfurt,MD
4ebd6713-f656-4431-a4ff-4de4fa33fe1b,2a7e1d73-1aca-422c-938c-924729c68588,64921,East Stephanie,AZ
d7450260-077b-4469-ae45-f6271bf0f8d3,9586cd69-1006-4c81-b174-f8781b22970d,80545,Gonzalezton,IA
4444e938-a791-4f6a-ae77-766d934c3d5b,078fd5f8-3faf-4495-a522-2988f0bafb28,81582,Cameronhaven,TN
f3f725f8-ef13-4c3f-a6f9-37d4e950e8ef,2300d90f-23e0-4c7d-9485-2cd43f06222b,89069,Yatesfurt,FM
3edbd293-969e-4c86-8450-ce2a999566fc,98e70f76-5c15-4e1b-ab90-5010bbe734c7,38906,East Brittany,OK
e1318fc5-ea62-46cd-8bb8-9ed9c2506993,edb00b62-d9aa-42aa-80e6-0cde063abadd,73993,Moniqueland,OR
d0f869a0-bf4a-4d89-a258-9a77662f3bb1,a893f607-273b-433f-82c5-f6a20f70f09e,38760,Mendozaville,CO
c524fb48-322a-43fa-9bbf-324ad6348ea9,e5bc060a-e1ad-4e37-a21a-d77672ed53fc,45774,Sarahbury,MA
4ecff85b-314e-49b7-83bd-744a9e972532,f193dd82-b6b2-4874-b081-994e9aa98ffe,67125,Amymouth,PA
18c74281-2c7a-489b-bf5f-28591a342b55,e6804a0a-bb6a-4f09-b160-db051a8dee7b,73654,Derrickburgh,NY
2824d9aa-8e3a-4be5-b348-d04f6a116f0c,a487250a-5fd4-4ae0-9bd9-d7413e2b51a8,13804,Joseberg,MI
b3bd5ab6-cfa6-480f-9f65-2df6b0455b00,da60bf2d-19f4-46fa-8e1b-95fb485af5f1,60968,Zacharyhaven,FL
20035c80-eb06-4461-84b0-66abf7e84227,b58d7476-b652-46b0-84b8-7f038c09141e,54057,Harrisbury,OR
4fb8173d-ed3b-4363-91b7-40e4fb0c7134,4a0ba350-6121-45ea-8381-77a2d9da925c,97670,South Lauren,DE
e52faebd-3e91-48b6-a4b4-a0737ae09d44,00322518-a3a8-4684-a5fd-b79069ea17d6,99016,West Anthony,MA
08edb878-5e88-49d4-b060-561a3567f912,622d1fc0-837f-404d-af90-f1bc94d5dc2b,62994,New Joshua,OH
96be921c-eb7c-4bd6-9ba7-5645cbbe3358,44e8023f-d946-42db-bf15-7681b7d27712,31632,New Justin,MT
11927919-3b58-4f60-a274-47daeef6045f,537b3195-effb-40ae-9f74-84f5d3f0ef84,71261,Port Jeremy,SD
8d794ae6-89c3-4979-8eb8-80108b663ed2,4515a5c8-3286-41fd-8841-87a43c23cc39,26728,Marshallborough,NJ
08bd031c-63d0-43c0-89bc-61c9a59344da,c346d05d-4dd2-4b0e-9be2-07a6709b7c2c,91560,East Stevenstad,MP
264cb919-4e16-401e-ab00-3e6c66a3742c,ce022f78-f330-4b7d-89c8-821751704dcf,80008,Port Kevin,SC
6d244625-3a18-4645-9e5e-4dc0f320fea2,8e1c4baf-0a2c-4146-be8c-08e13ae38c28,13534,West Tammyview,AZ
3a990f5c-350a-4434-89a7-724bdfdc9872,29a00502-a406-4bc9-9789-0635e9257dcd,61645,Jessicaville,KS
4c4ca7bb-af65-45c0-9586-c59bcc42b86e,4856bcd1-665c-4678-abb5-93ca9ab0d99f,87580,North Justin,DC
f1ae3da1-de8e-4ec2-8b8d-4af2237bc503,88c3c981-661f-427f-b2dd-080cc742cf8b,83975,Wintersland,MP
94a016bb-7820-4830-88c4-b2d94400ffe3,5e604426-b66e-49fd-b948-6790b405a418,96900,Welchview,PR
e703b588-6d18-4f36-80b9-11fc7b598ef3,0061e272-f72a-4a64-b7e0-60cfc5d7d149,13552,Weaverview,CT
f981517d-3bfe-48c7-bc24-3e24fd35a071,145ab9be-4844-4cdf-ab65-e8a1bd58f031,21003,Huffmanmouth,AR
ae8729b2-df56-4de2-a0aa-3f394d72244d,e225a08b-d772-4c02-9e89-58d820a6339a,94246,North Bradleyshire,MO
c3bc3ecf-55aa-4ad9-a5d1-b732d5f29ac6,3dbe2c09-c8f8-47c0-b080-b91311ae1879,66179,North Kendra,AZ
4fa8067e-a0f1-4480-ba7e-b652b95b3b43,4290454b-f0a6-42a4-8c11-5b477591f0f5,27786,West Mollyton,PR
05e00d6d-5076-4d04-9097-b41d3b7202ea,149b0d35-fd01-467a-8b5c-261f29af7b94,70515,Robertsberg,AZ
7d4dba8f-36c0-4e72-8234-251021dc6774,d31aac86-4735-483f-b036-eea81764e626,33819,Hawkinsmouth,AK
be077129-3793-4187-adb2-924322406979,4e88b337-31e3-48e5-9014-e0f678e1a2fe,16590,Lake Donaldberg,KS
19d5ec5d-d258-40b6-9ae0-756040e146c0,4fa1b69f-8239-4e87-8257-d3b141319eca,44099,Russoburgh,IL
c7b5a39f-5aea-4f32-8bbb-8590532b8d10,1d2b9aa0-3d2f-4eef-a8f5-2db7c75986f1,59689,Victoriafort,MD
73348b24-c976-49a5-adbb-e953e59f50d1,44fff5e4-0e44-456d-a0a6-9823e296350b,52906,East Michaelstad,VT
efd60e27-6101-4d57-be05-b774f008cc78,698f7ca3-18cc-4141-93d5-e67b66afe372,37742,Wolfechester,FL
9ee587b6-1f26-465a-87be-6b881fc23806,2adc258a-356d-420d-911d-80b8bc6502f9,69598,East Kendraville,MP
1e655b2d-43ef-4926-93c2-49d190f08187,592d5089-cfa0-420b-94ef-947140205444,52840,Lake Linda,GA
fa0b1800-9831-4946-810d-58bd0915ef57,525a1e5f-06f0-4ca2-9aff-05eeba9cb816,54236,Cindyside,ID
84ef1820-5f5c-4222-baf7-f03f486dec66,c24e7a73-a133-4cf1-84da-3e713e386821,59692,West Josephhaven,SD
b05cc079-0418-4df1-abdc-c4a94cfc6a3e,fabfda81-ea88-48bb-b1d5-084427699f76,46471,Samanthabury,IA
b83c1078-77ac-4a7d-a9d4-0e19f2b8d7d4,5af8b498-d0d2-47c9-af51-c54597a5d3cd,65255,Samanthaberg,DE
b748ca3b-0a65-475b-9b55-c419355af935,d4a917c2-2c30-45e9-af5e-c3f94da5dfe1,43065,Port Brandon,PW
6d881322-c27e-4e68-a683-e7e2eb202609,0805a106-4059-4e7e-aa91-c8a57d068343,20735,Hernandezmouth,FL
b60cff3a-31b2-4f78-af4f-6b765ce1d4a1,9aa1c412-9190-4d4c-817b-df26b84d120b,71644,New Aaronland,NC
80dc9c6c-f83a-42e5-8ca4-1907013f4625,4d5a8aee-036f-4387-aa73-4c64e89ef3c3,12540,Elizabethchester,UT
1f3eb291-6a4e-44b3-9fb1-837092afa6ed,02422809-1f4d-4df6-90f7-905c7230c63e,80702,Riosmouth,LA
102c3401-7967-49b0-96ee-2a2facc07fc9,10f0f1f1-3386-46d3-87c8-d2c49196bc92,16826,Moralesstad,ME
369209ed-81c7-4d48-9a2a-a0e9d7b921a2,2cdbf69e-e347-475d-a32a-d68250a8ee07,55870,Darlenestad,ME
57830615-1488-47ba-b22e-f8582ddfa2ad,f2062cc8-0f6e-488a-898b-6c322950853c,39389,Wilsonfurt,CA
9986616b-544b-4114-b3e2-d0f833b38798,d3bad971-4955-4bf2-a2af-64a68f81b16b,95215,Valerieport,MN
4e16190c-bd66-49b6-af81-dfd244b5f2c6,75a9dde6-d700-4e06-b385-6ca60d3e003e,18993,New Anna,FM
190d2a44-32a4-434d-bd4b-4a666692ab38,e9cde254-7506-40a9-99b5-d49876c60ba5,95426,South Priscilla,NH
c37fb7eb-4003-47ef-b043-f5a023c8e74c,c6ff22fc-37b3-40bd-8475-f9efb26e129e,15276,Maxwellland,OH
5b8a2c50-befc-4d74-b76e-7dc33335fd8d,9380575f-f5c8-4f0d-91df-710b7bd02e3e,14067,Waltersview,MT
5e6daade-bb59-4d37-8e9b-623c6aa7a70f,da462e83-b704-44ae-a7d4-fe59eea371c9,42411,New Oliviastad,NY
79f41f0f-c15a-4067-bcba-902c08bedd25,0eaa7d2c-414d-406b-9304-244ceb5918d3,36130,Lake Justin,MT
7a484fb1-b19c-440d-ac8a-2d65e7693bfb,cf9b3a46-f4b3-4a0b-9945-8e1184e4b573,12671,Port Jon,SD
c7cad324-c683-432d-a86c-b5dd1fe659df,7d50e46f-bca2-4fb9-91b1-9a29291292f4,91439,Salinasfurt,VT
81aae1df-aeb6-4955-a18a-09fbf4d23878,d3f2a234-ed31-42e8-8400-1fa7ef53843e,29973,Allisonside,NC
f18d0896-1df9-4780-99f5-cb974125538a,4afc1f56-a0d1-454e-8b26-60cbee71c38d,41266,Ramirezville,NV
8c529d7f-fc2a-4ccb-8adc-48a1b84c1554,aaddb4a0-fbc3-47b5-9d8f-86a909e994ac,26544,Williamshaven,CO
6f94d627-5d87-4190-bb4e-dff4e91b3784,4266ef37-9ee0-4859-accd-f5b66fe8ac9c,72070,East Evan,NC
7273d866-fbc7-4986-aede-5d1ecec99ac3,85aa9ba2-1835-4ed7-b9e0-074105c3d584,97747,Danielton,CO
59760936-bdef-4167-b85b-071f2d0e821b,17314f14-09ff-4778-a353-80a2d691140c,24993,Weberborough,VA
9d32abb7-c7d4-4b03-8cfb-341184326c4c,0e23a779-9397-4d47-919d-e0b8faa1e575,83920,South Angelafurt,RI
10780d1f-6521-4f8f-8773-d41408e968f0,b922e823-b027-420a-99b5-4120b916fb0c,38569,Lake Jacobchester,MH
184457c7-844c-4629-9ae0-b4bdcf62fd34,27ab0e25-3489-4911-ad7f-b0c3c0423565,70952,Henryland,TX
daf886eb-001a-4c1c-9fb0-06c2c0871281,8f820629-8201-4ec6-b8a5-9c8e60f365c7,43586,Ericton,VT
cac6e5cc-76fb-4bcd-868c-a2ba8bccb748,2a76d966-46eb-435c-b2d2-64afbef39ae1,58351,North Christinaview,MS
9419843f-6692-40f2-8322-36c2ee1bf486,113fc14b-4597-44d6-835f-28fbc3075925,31992,Port Aliciachester,AZ
c6a8a7be-cede-4346-ab45-2708c6c729d0,078acc8b-e03d-47be-bff3-086bc5739bf7,89415,Johnsonbury,DE
8fe64601-d8c3-4bb5-b7bd-895bf7ff5f21,9e5a431a-3b6d-4e7a-8c2c-4e047aec7e85,89593,North Denise,AL
6b8885e3-f107-4eb1-8623-b8af7eeb5d36,989c38d6-b8bb-490d-9449-e248f702c598,25012,South Laurenhaven,NC
23dc53a4-a453-4c19-b371-46bd2e373745,69b60ce6-9e54-4ee4-9b2f-8e4d5f5ab920,31465,Yvonneshire,VT
4592a7d1-79ff-49d1-b74e-f63774309314,b53f5915-fdaa-463a-8a2b-e7aebac5de65,50768,Vanessaberg,DC
ad3831a4-bdec-4a96-83ad-da4158757684,de2ae3e1-8dd9-4cc3-802f-3d8ba41f77b1,24168,Petersmouth,CA
03d600d7-da08-4071-a68d-17560bdfd383,d4e1e673-3da9-401f-9f34-0be369e62b59,85849,South Jennifermouth,TX
b2ddf9b1-1675-4587-a456-a4b15684a2f4,72a55ea5-5f79-4a2b-afce-ae2635e46542,13365,South Tyler,TN
5fe75060-d7e3-47b3-8a58-0ee6805fcd21,ab926b80-4489-42c3-aad4-2b1d4815c1d4,50888,Mcbridestad,IL
f24a3b64-bc6e-4c33-b5f5-f25ce5417e25,c50941ff-feb8-4b32-b90b-614c2700fdb6,85470,West Barbara,NJ
556fd029-b363-4a48-bd02-306a9aa7a9dd,535f6154-4c86-45eb-9133-d9899cc422d0,98781,East David,MN
40b3d9ff-49b2-4b0e-8e45-63c2963f84d4,dc9d60fa-1f72-4928-8cb7-ddeaa1e4d69b,59192,Nicoleport,VI
1296e23b-2a91-4fda-8012-34dee1e22ae3,82898617-21de-48a3-a86a-f5e1dd0dd60e,61990,South Dawn,WA
ef5e9e3c-cea8-4c68-8c72-de8f2ac5fed6,8ccd8f7c-3b99-428a-89ee-262afb4693a3,35995,Lake Melissa,SD
20e9377b-e159-4eef-923d-76a02a965bee,74410230-d349-4e64-8a15-cf4b0805d1ff,19961,New Leslieland,VI
6b616a61-8562-464c-8f40-3a40c398e65d,862ebbc4-a70e-4739-805d-971c83aa8d82,87607,Millsville,MD
51453843-852b-4284-8ab6-a82bbd256103,60632af0-9899-41a4-b103-6857b7153a9a,92213,Sergiobury,WY
13f562f8-9b1d-4a5a-90e9-667712cedf0b,b1491cbd-f8c7-4d70-9814-8f9e94a87283,41830,Craigview,CA
07367ee0-2239-43ae-b1d3-631e0ad0ff68,2285aa98-499c-4598-ab69-fe9796a8a995,23356,Seanport,PA
72602679-4dd5-465b-bfbd-5ae319a231f6,80fbd88f-b9fb-4493-99b5-c8a8228dd6b5,49529,Sandraville,MI
5b3d1a7a-2334-459c-9e8f-358174a66954,a4a8c3a0-3e63-4357-a5e6-6efab8412d96,99687,Cohenview,MS
8c37bd97-52be-4252-8f0b-98fe11839d70,f6cd1cbe-0939-4222-8bd5-7ab45b01f535,88697,Lake Gregory,AK
c133d6d0-4b08-4fe2-9d3b-91aa719c0aba,473fe299-182b-4b8c-bd4d-00fa72483dbb,25866,Edwardbury,MD
194f0855-6d59-40d1-8aee-6a9e44285bd2,75685cbb-9163-4678-96a8-cc471e93c269,84177,Lake Robyntown,NY
ce40956d-127d-4e15-9baa-bdd0ae907a8f,33f6fa4e-56cc-4e3b-bff9-fdb90d84ca75,15383,New Aaronhaven,MS
5dfc5c06-dc5b-46ea-906f-fcbc85247857,83cf09eb-a351-44a2-bee3-4e7b3889a475,55508,Port Brandon,LA
6b89f7d9-a42f-4fa6-ae66-80d9a19b50da,1bfd8445-819b-43fd-8680-d28e0f54b6b0,79827,Lake Joseph,SD
da9a665e-089d-4277-aaa0-98c52fcdcc99,c1b663de-5ae4-44c5-b200-8fea678ebef6,66148,West Gregoryshire,AZ
ef6ec286-bbf5-4a2e-b21c-347047197c1d,05f08d4d-0aa2-4f44-a02a-ae996e593dfb,96706,Lake Kristenshire,MA
3e72c104-ce3f-40fa-8bb1-8853de031a87,dc26275f-a725-4683-9c25-6585113141ce,58571,Wernerfurt,GA
170cf620-150c-4c16-b70f-358f68233532,f9d63288-ae3d-4269-bc65-19f39c5d7c0a,19038,Charleston,WA
961cd13a-b13f-448d-8bf6-d121c167d2dd,8032379d-cc5b-47fa-b5d6-98857dd90398,76317,North Evanshire,CO
5c13367d-2d06-456d-9124-92a7e51f6147,174d0111-42b0-4212-ac1a-8ce1dd207962,94874,South Angieshire,IL
d7293904-b51c-438e-bd18-5be2795708f2,5d717a21-db16-441e-a1b8-3046738b2b2b,54725,Seanmouth,AZ
920f9ace-dbf9-4e4e-9e52-178acd5364a8,deda9226-8b29-402d-8ce9-3dc4fc98c5f4,11658,New Barbara,KY
77f59f7d-b4cf-4195-8704-cb0e5bab9bab,e72bf9bf-f5b2-4af8-b1a4-87c3486bcbf4,65057,Amymouth,GU
5ef0faac-04a5-4bb6-8a7c-ab13fce739af,3f7a046d-bd11-49ba-a87a-53caaf000220,74251,New Jordanburgh,ID
a2075f13-3be7-46bd-9d70-a8ba5ab668a4,d56373b1-2d9c-4e48-8506-ff208ea208b7,23833,Alejandroland,VA
eb0bf752-049b-4b63-9749-87c366b2dae1,acdc19be-82c2-454d-9e45-18c166344336,66822,Guerrerostad,AS
1cf114b3-e280-4296-b113-cc2b40c84ad2,4082a52a-aaf3-4ecf-ad43-a4623a4563a7,57472,Ryanchester,MI
2b46818a-ff45-4758-b780-51473ec06385,ec16a014-e72f-482a-bc3d-2a216f500ee6,93307,Williamsville,DE
0f9412bb-baa5-4ec0-b254-7388f6332041,31d018a5-fc30-4a2f-903a-2716f0e7171c,70258,Port Stephaniechester,MI
55953084-0e7f-40ed-bcc6-df479685bc01,c6e2152f-43f9-4a22-8b9f-6af605eb9b3b,30052,West Daniellemouth,GA
fff6bcdd-6b53-472f-8ace-7594f4f2ad02,3c79e702-7e47-48d8-8b0e-8ff29a6bd343,67080,Briannaton,OR
ac2056e4-8a95-4cc3-86a2-278d67772c0e,77e799b3-71d6-4473-a1b8-b431b944b1f6,33086,Port Christine,PW
7480ea71-4458-41e4-a0e4-ea712f33b883,34a10b8e-0315-45b6-8ebf-e3753f2b788b,78386,West Annette,IL
0921e159-b37f-4ebd-ac30-68fcc855e8ee,80608bfb-95ce-4c0f-af0f-0616cd4c5bc4,95256,Bakermouth,LA
978297e7-db17-43d6-83d0-7b0cf136e4a1,84c5491d-ec77-46ad-88e3-6b3d42351abd,45400,Ashleyborough,SD
e783ce89-a34c-432b-a961-085beb6cfff5,457102d0-4301-41b7-8d28-f6be4f713644,90728,Garciaberg,SC
7d5bd118-90e8-4424-b910-cb7906279e05,0a1a65e1-3c73-4098-bb4e-f32d8629741b,80539,East Paige,NY
5219c347-7c51-481c-bc1a-609269963b03,df0d1537-1d72-4977-8bc7-dc95b3a4b8f8,73372,North Johnnyland,NC
d582f217-390e-4ff6-ab14-ecad9d10f182,112f4347-db7c-4795-ad23-07aa2d4b2b23,70931,West Andreaside,WY
fc9ae5c0-ed00-4af4-a5ac-277f9c7c8292,b98370a8-3b88-4710-8744-e200fc6c8793,67091,Schmidtchester,GA
a3381967-3db8-4073-8f2c-91da930ecc19,cfc2e35c-bd0c-4440-ad77-9bb259e7bd6c,87656,Larsonfort,NM
d463cc13-ab5e-46d8-a001-7fa0629e803e,d6645cab-9bab-488a-8566-2060e38e42b5,45179,New Juanmouth,FL
a40d29bc-6e20-4655-a216-59fdc357d11b,2176e2c0-f623-4222-8440-b108d95f5d05,52245,Lynnville,OR
e9212448-477c-40b4-8503-7979bfa8b9a7,9bf769bc-b055-4968-8547-6d86ea8733ae,42177,Wheelerburgh,GU
58f506fe-6df7-4c79-9830-0750fb39ca4d,f7205b98-4311-497d-9671-4b83f2c8064f,21359,Meredithchester,NM
92f6f3e3-4a29-49bf-b53a-b10ef3aef0e2,0bfd2d8c-b07d-4f81-9e83-1ce6a9258327,46559,South Susanport,CO
3099d536-288f-4157-9ea0-0ad26afcb1c8,7d2d5872-3467-4961-9230-0fb6c6348f32,69087,Brownport,KY
173abb82-0aed-4708-b947-ba88f614418d,688bd4a6-f6ec-497c-bf3b-5399bca07eef,41963,Sarahport,NE
ca5a79ad-92d4-4854-8cad-151dad28e867,ea21490e-acf8-4941-8da6-61e9a53e891a,70910,South Debra,ID
4e865b2c-a8e4-44d8-a008-0cf0f1d339bd,a8a2b2ec-d420-4331-9df2-d11dd8211bb6,84691,Adammouth,MI
30057377-32e5-4dec-b64b-d467db7aac56,8bfa27c6-8987-4961-8e41-98a567f705f3,89997,Jenniferville,VA
c2ecca96-4597-4953-b1e6-15edd5138ae3,cd1a11bb-0b90-4d70-91fa-2728b92df335,97580,Port Morgan,MD
42735f16-df04-46e0-bff6-073d3e3af7e6,ee23ab55-3392-41fa-8952-59a06d9b4851,59674,Patriciaborough,PW
978fffde-f9de-4c0e-8ee7-a57105ad2bcc,3b8476f3-8804-476a-ab18-1cf516bb7b54,54092,Amberberg,ND
4d552f99-ca10-4e59-b227-3a0a627f42ec,8e722e7a-52b7-49f3-ba16-80505522e5b5,13761,Sherryshire,NV
d22d7019-39f4-480d-9848-b0c80c38abc1,80a9fd5e-913a-43e1-ae06-e8482f556355,74789,Langtown,MD
5cee3696-97ec-4f6a-8d5b-11f8573649c1,69a8d69b-d21c-4658-9c38-f6cf4803d508,52600,East Williamland,KY
d20dbbd6-0fcf-447b-9c9f-d7d23629cd83,1ffb9045-f612-4f18-a48a-6a8b0309f2a8,33834,Jenniferfort,WI
dc72e78b-e089-4447-a191-f4876497d8e7,cd4598fd-2f67-4c4e-af89-1b3e11f40485,73904,Vasquezstad,WV
fd853b60-604f-40dd-bd46-b15ea5cd103f,1fd445bb-123b-4747-8dae-f96a5a3ab4d6,37802,New Gabriel,DE
cf8c88e8-2b34-4515-bad3-76916b82ce24,f667f50d-1678-4bca-86e3-3cf4768e5c4e,56507,Valeriemouth,OH
a0e5e93f-7767-4b45-86ac-c41713648a0b,d60d6d7a-3fe5-4fa9-a9f3-21f3045c1fdf,43862,Gordonmouth,FM
eec61998-d6cd-436d-9f13-2b5433c85cb5,d62d5812-dfdd-49e6-b61c-bd8f49f6c6c0,54608,Hoodmouth,TX
9067374d-6ce2-452e-bcc2-55afb565842d,e902afdd-3fb6-4ae2-8cd8-00f1be7973b9,46655,South Zachary,DE
6169d8e7-5759-4399-88ef-c05dda0b7c4c,c81d9522-81b5-4d00-9920-65e4ab013d1b,88139,Flowerstown,IN
7de18a16-205c-41cf-84cb-6ca5ac7b643e,faf21068-e627-4219-ad8c-a9c44485e784,46211,Ramirezborough,WY
de401701-0464-4a5c-99bf-1371dc60db5d,8efbc1f5-deec-432c-a183-b159e122677e,82848,Lake Justinburgh,CO
1983ea0c-ef67-497e-bf42-b0871919a673,59a2bd3e-4231-4d03-bd65-6bc383e18c54,11330,Andreaburgh,MO
5b9502b1-5688-4de5-b703-ea0696059cdb,8daabd34-6920-4635-8e04-232334a394b7,77715,South Katherine,SC
762094ec-358a-4b3e-b1d1-07ea2797bd35,956b2c0f-c8a6-46a1-98a5-333c3e10f9b7,35042,West Mandymouth,ND
6e5a769f-167b-4ec1-a1a5-a38e6c8a246a,74ad9b11-bf61-4316-80f1-0cedc6cc1cbf,21221,Lake Gina,ID
2b7f587f-1f55-429f-87a2-49dc0ef549ed,c464a0a8-8502-4eba-a7b6-bc90a6e6628b,41635,Kennethshire,FL
1654dbcc-8bfb-416b-9414-37571f247287,6701a2fc-6c86-4e41-b861-e8731bb3605a,63271,West Pamelaville,NV
07bc1cca-4fb2-4c2b-aa09-b568c123799d,978c41c5-b874-43c1-bb8b-10ff7db1c2d7,74038,South Daniel,VT
bf6df8c5-d5ee-4a1c-8c1c-7407727d3ba1,84897107-b414-4bdf-bffd-42c08079a1d0,82768,Ramosbury,KY
08fcd2c5-3bd9-4453-a50e-69e7aad0695e,1fd1f08b-c98f-4804-a9c8-c53b04b23b56,41499,Hoodtown,ID
c4501e69-d5a8-4583-9ac9-b66cdb27fddd,e9624978-8f09-4f2f-8596-9e1b387d540c,72402,Lake Carla,UT
327c532a-2f65-4c73-9e83-3a81142d6f65,e1468288-cee5-41d5-ba8b-859864f4bb79,94659,Martinborough,DC
d7e5bd1e-aed3-4090-81ca-9ad65cfc0ef6,2e16aa47-e27f-4252-b52c-84052f767bab,74332,Danielfurt,MI
7c8eca43-9ff7-431c-a95d-cb94586a46ca,33070ef0-8004-4f8a-bbf5-4d561a9e6d20,68743,Tinaberg,GA
a7c480c1-e659-487f-8718-5a7a1645b87e,a1be11f3-f3c6-436c-a6ae-fef1479905b8,12260,Lisamouth,WV
7acb9c1e-ce94-4307-8ca6-e4144b379f5c,17b0c930-558b-4393-a856-9db664c8220f,22196,South Kathleen,NC
545b3192-8d4e-4d8f-95f0-0e048f3c737a,8485d892-c4b5-4242-bd17-fba402038f32,48566,North Joshuaborough,NJ
9e71a32a-499f-4930-8a78-8ffc2201d981,ce1108ac-33d6-4890-a04d-b0a9b385dc17,39045,East Juliestad,DC
d6926e15-f9ce-475b-a6d6-80f09caff7de,995be7a5-289c-4493-ba60-99efd85e36a2,63005,Port Robertmouth,MT
a0993813-085e-4b10-ac6f-9fa8a7819f20,4ad9124d-b884-4f7d-a403-acca60f38688,41890,Autumnfort,OH
c9b46f96-affd-4032-951b-5dbf5b8a166b,f4cea848-6a2c-4968-be09-5a9e1c521209,50135,South Brenda,WY
9025d074-3e49-4e96-b2a0-5ece0c1b35a8,86f33298-e5ab-4087-bdf4-313019b2459e,97026,Michellestad,FM
38e5c718-6f9e-4df8-97d7-e8508ac102bf,732a27c4-ee86-435b-9a65-6f9251738e01,86225,Natalieview,LA
5af14eef-66f7-49ce-80c0-d1231a1aea0e,c0f1133f-f43d-4bbf-8831-414c6e9b5631,58368,Williamsfurt,NC
ac23325d-06ff-4f86-b988-fdb00deff8e8,6951471c-b1b8-40e8-b946-eea042f33a5c,72031,Jeremyberg,WY
3d123b54-f3ee-4ba6-aa48-b201a1d25e59,2b273439-f4ba-48a7-a039-3ad1666fcf2c,82544,South Megan,AS
be8a8f13-0c46-403e-8ffc-189c1d5ded36,50129618-2e40-49ba-9416-faa9b72f9ac4,79588,North Eric,OH
c780f7b7-97c4-4b2c-8fd5-d400cecd26f2,9f5c7ec0-10ad-40db-933a-8c821e5cd352,55056,Karenville,ME
52cd36be-e966-4c69-9308-33757a0ab1df,0a0c5cc3-de0c-42cf-92ed-c1fb3b6b831e,65771,New Joshua,NJ
ed34010f-bd2e-471c-86f9-dab2387da27f,60eb6fa4-1d35-47ce-bd9c-32ed162549a5,82140,Smithmouth,CO
68ab86c2-c3d6-4c3e-9c55-b6d0ffd38baa,b90f729f-94f4-4845-8aa6-5fdfdfb97c2f,53357,Westfurt,CO
9b469f3b-d055-4f90-8741-844cd673b36a,7a5557d4-d111-4b06-a48d-72b1f841304b,56112,Jasmineville,MP
9da03885-8668-4ca4-a518-1e8d84e6cd60,65b0fa13-743e-4aac-b6b6-3694750b6125,69473,New Michaelside,AL
3b210ff1-7e72-4b26-8801-a0a166c2c27b,12bc6df8-a0b7-47aa-8b6c-e5600138458d,45509,Port Katie,MA
27862216-5054-4db1-8088-c7282e761166,caa16f2a-bf9c-4b9c-8b58-be3e7cce2eed,50189,Antoniostad,CA
1cbecec4-ea13-41ce-925e-707fcd146f8b,f3f4eb2b-c7ea-4290-82d2-ce6acb6faf56,42951,Hallton,NM
8715f715-07ee-4ae1-bdf1-377efc879288,bc4dd0b4-0da7-4b5d-85d6-4ab6488625fb,40217,Lake Davidmouth,FM
7773d56b-b2e3-4b67-9fb3-f5af1f06a4ed,821effdf-0205-41f1-b53f-caeb0b811a9f,25814,Port Williamchester,TN
69e7faaf-431b-44b9-a6b8-1c99df1948f1,2e33e053-caa3-4bf3-8609-ad5e3a210cf0,35242,Lake Jasonshire,AL
6f6317e1-b884-427d-8c52-2e899fd4a8c1,bd021d20-350b-46c1-a33e-5e7d9fe8c5a3,51359,Hollandbury,CO
7825ca61-0091-4694-a71c-6dd8b0640ed6,463f3a01-401e-4efe-9672-1c2af8acf6b5,25670,East Jenniferville,LA
1047253b-4ecb-445c-80f7-a395e3234816,0f1b594b-2e8e-476d-8cd0-42ecb0837fa1,80236,Manningview,WV
8b2ffd56-1b7f-491e-8342-5a2c0cbc1098,94038ef8-0823-4aee-aa49-f8236090dba0,34267,West Arthurstad,NE
792fd885-89bf-4b17-a2f6-7db9299da452,99c8eb5c-6b8a-4d02-967a-9d2a05d3a612,35105,South Aaron,DC
e20b882d-9f3a-45a4-af90-db44befe3353,66b85084-829e-4d0c-b6c6-9131aec3eada,38361,South Jamie,OR
2ceb59a2-61f5-43df-a9a2-b833cd47beec,34c63ee8-543f-498f-ae75-ad12ab32e70c,73464,Edwardland,MS
7c93c1f5-31fc-4050-ba4a-70b047aed71c,fb7374dd-b90f-421b-bace-028db9291c41,46241,Joneschester,VT
9c74960d-3647-4425-b460-fbc22424a0a0,9269487d-29d4-4fb2-be49-ec3c17c8eef8,87278,North Bruceburgh,KS
bb1969ed-d55a-4876-ae3c-5f286bd858c2,26857141-1482-48b0-a039-9fcfecd69350,78765,South Amberfort,AK
56929714-5983-49b3-a85a-27f134a5132a,3038d527-65d2-4a43-a137-8eeecbccce70,88222,New Deniseview,FM
2da80534-bdf6-487e-a33b-6e960ff4a386,1e35e29e-7cd9-4ee8-aef3-c8cb3dccf81d,47093,Scottton,TN
f7911221-2950-43bc-810b-a3fb7d14eb56,6ea403ae-4ff6-4651-89f4-cdc71af9bdc6,23176,Lake John,VI
69636a63-2227-44e0-a437-24079937d327,f1074cba-ec06-4a27-8d09-3180c21f8b4b,35443,South Matthew,RI
33339ab8-97f1-41f3-b803-a5f056459885,2285f608-0f64-4a05-8ee6-5c9766a353da,48829,Lake Chelsea,OH
23ca4534-a265-4fc9-8743-35206a71d68d,9ad63441-6603-43c7-bdf4-acf209eaa440,39816,Alanburgh,PA
3d689512-748c-4356-ad99-eb669571898b,eb412920-1ed3-4025-b6a8-e397a1cb0823,57301,West Craigbury,MP
29575815-1252-48e3-bfd1-196f142d523a,24e7b324-5f62-4817-99bb-64e612496cca,33519,North Wesleyfurt,IN
e267bc4c-5e62-4ec1-b02c-8585e21ee69e,ae6967b2-5938-45ca-bfa1-ce450217d620,49618,Dianeville,CO
7eeafef6-ad10-4a8c-bcf4-6c828add6344,25a80794-0316-4535-ac1d-f429ddaefc70,11854,Matthewstad,TN
d9bdce72-d0af-4c15-92a5-265c239a9f6d,4bb71ada-0490-4776-ac62-464f460d0121,80010,Kaitlynville,VT
03e31e72-70a8-434d-8e2c-bb748ad7e6cb,ce5c2ca9-819a-4b5f-aef4-56c0444cd8f5,26591,West Suefurt,AL
aac66eae-38ab-4ce0-8c4e-cdfef8a742e5,b254a81c-d56d-41aa-a47c-3d7d7b4ce690,45954,Lewisport,SC
12c1718d-1e7c-4051-98ff-ce4ee0ca1cbc,89fb0404-0553-40fa-9ad9-33b9a99dbf7b,15965,Kirbyside,SD
0a745230-2527-4bcd-b8a8-92cd5597308d,f6ae9cb0-5db6-4be5-8cc7-ebbaf2faba7f,17146,New Richardton,LA
acc7c956-ccfc-41d4-9954-be5a3a1ddc30,b46a6a80-cef7-406e-aaa9-c1e93a575de4,82529,East Danielleland,IN
3eeede10-f748-4dbf-b145-d48c3be0d137,d58cffc2-6bf8-46cc-a1bd-f8931c82c911,48290,South Preston,OK
f05f7f7c-edae-4ad5-8a5e-6aa17765ffa1,cc1fe528-0506-4ebc-a314-4b5cc5357c57,26551,Port Barbaraport,CT
811a03b1-18d6-472d-bd55-b493510812d8,9f043b0b-8955-4777-9d01-17f2bb4f30ec,93606,Davistown,AK
0ba8d05b-6a73-44a1-99d1-a58c6a71137a,30003a4c-63e2-44ce-8d07-5f0c16fd3c86,74340,Kellyside,MA
9508cc26-e96a-4a0f-985e-319dddd53460,fc1332b4-cdc2-43c2-948d-60d12f06bf27,23446,New Jessica,NC
4f2e82ab-1ae0-423e-8492-f38df4a6f5c7,44c7edb9-6a6c-47b1-80cd-5da21c4dfdd4,11607,East Samantha,NV
978d7186-8bf0-4459-b545-257fd5ae296c,6b676203-d866-40c4-8a15-dfa7fd8e70f2,85243,West Brittneymouth,MP
f6619308-04a9-4a0d-b6e4-9049142eaa3b,b9dbe648-caf9-4101-8003-2ec760cf5f65,47268,South Josephbury,WA
7cd5f809-d8c2-4c74-9526-cee5a66571a7,419f7ffe-de5f-4115-8afc-9d8c3b5d1be3,71524,Jayville,KY
5e6137af-03d0-429f-8415-5a1e313defad,6006f6a9-e966-49e4-b251-bfac6bed45e0,72746,Aaronshire,ND
5638dff6-019a-41ae-ba85-4117749d8f28,d792d7cd-634f-488b-9e10-2ecfcd639e15,67733,West Susan,TN
6def1017-d6ad-43bf-8a13-deef945283e5,8397012a-5493-4a74-a502-d3d9cf025c30,54657,Bowenview,TN
03b98425-7e43-4159-99f5-6913f91f887d,fe369e1a-33a5-4b75-9d13-5be4fb1fbc8b,34164,Tylerview,VA
88fdd20d-8b51-4c60-8253-e1419908aa0e,f09f78d9-b936-41e8-9280-1263a58606a8,16734,New Kathleen,VI
43d16b49-d1bd-447f-8860-784ba6574202,c0cf02eb-fe5c-4f80-a161-ee976dd66108,43092,Anthonyport,MP
d4fcef25-6a82-4039-a031-0dce02a4ba34,f172b616-3b1c-4ae4-ac2d-28fb0ac8f79c,72616,North Samuelchester,NH
998040d8-478e-41df-be29-72c48ec69311,65b317f8-4b92-4b15-ac4b-91ae4ab7bc7e,24953,North Alexside,WY
f6580d62-7804-4764-980c-895bc80d4883,fcfc1c13-55be-4cb8-a054-dc097bfbb1bc,18564,Lozanomouth,MD
77a4135d-244b-453b-aed5-cb84d1ab7597,76df91fd-9532-4760-a49a-5866d762ec45,62521,South Brianfort,GA
41d8711b-0d9f-45c4-9247-b36475cfffce,3f676355-4684-45ed-8a10-2fc5e3224d6b,74454,Lake Autumn,RI
8a5a107d-1084-4948-9ce8-93afd295dee8,3d00fd10-cf6f-4730-ab3d-78fe70594d2f,19710,Port John,AS
824cdd12-8373-4ef7-bf80-3d0d79419ba2,835f3874-421b-4bd0-9720-dc8a12fec539,85631,Lake Susanfort,UT
fa86f375-d7b3-49e4-a99a-397943983570,52c1e786-990f-4c03-b294-c34ef338e95c,92502,Westland,NH
6d4ab304-1ffd-4154-9386-af5155823145,1021b6a1-a236-4996-b2e2-163958fb00b5,99974,Morganland,VA
b3aadc42-c36d-4e86-a5b5-83516183567e,262f236e-af40-4428-ae42-604d3938cc65,17026,Turnerside,NE
5dc2536a-2e87-488f-b427-d921afef4078,4224ab03-d243-4f1d-b9d4-160588b629b5,29887,North Stephenton,TX
13d8002c-695f-4cd5-81ce-b56fece282b1,11fcfc3d-2a99-4061-be03-23d5e37de196,29555,South Aaronmouth,ME
2a48bd26-905f-485d-b4f4-84b6e8511e6f,cfb1532f-48fd-46ce-9343-a3ec2835a82f,83772,Port Dennis,CA
ac32b0d6-cfab-4b32-a1b7-1d9b5c59ad9a,85145061-52ea-44be-a168-037028e8f028,49824,West Kylemouth,KS
1474a4e4-586d-47bd-abd2-a133911b43dd,2b4e802a-0ca5-4c11-9476-131dc8746da2,21164,Courtneyland,IL
85dbfed7-39fb-4335-b9ba-34a635f3ab87,4eb1b54a-23ac-4a4e-a4dd-32d08f090ebe,42530,North Timothyshire,NV
66cf3b21-7402-40fe-ac44-c62e7b14e8f6,c50260de-40f7-4ce0-a030-bdb50451cf73,25525,Stephenland,LA
369921bb-7d24-4278-b1ab-5256f87aeae9,701d110b-a446-4164-a305-f0283d8e7fca,83147,Knightstad,MS
0ea5985c-d25e-4f64-920a-711f7707f888,b2c66c41-cd88-4e02-8846-5c65170e0825,64548,Lake Tommy,MH
c3b3110d-da80-42b7-a3a7-743a12b7ff51,aba8bed2-b680-4c2c-aaee-60075d3c8f2c,89471,Cynthiamouth,DE
d310fc15-8b30-4bf8-b84e-3528773b4b92,2dddb7d3-a9e9-4790-86fb-4ccff83ff089,88135,New Madisonborough,WA
8e27a4b8-d838-4b7e-b545-da2652525348,18a7ecce-eac8-408e-a7a5-e9707f8fce39,91057,Josephland,VI
6a0fa0bd-d662-49e1-a2a6-2140ac49afb9,aae69701-f1cf-4a30-a49e-fb7a81b48115,39581,Port Derekbury,ND
eaf1dc1e-6145-4e99-9c31-39ca8999223c,4a67a501-59aa-44b6-ac55-b2862f15d43a,78494,North Antonio,FM
99975739-fc3b-4984-ab7e-677abeee37f0,c8ae764b-36be-4392-be7a-3b6c0e5a9586,59856,Port Karl,PW
0a417642-9e1b-4d7f-aa13-d42d244816d1,85f11a04-c69f-44b0-a5fd-c7f1e0bde936,69049,New Michelle,MI
b7cccf28-0004-4339-a783-479de03ca3e5,82227762-7032-4068-868d-db74b501625b,68028,Brandonhaven,WA
12390497-81bf-4074-800b-905cf24f38f1,b70287f5-345a-49b7-9f1d-915bb6e722d3,48974,Rachelburgh,AL
be200e09-c5c0-462d-874e-e2d5a8f5e88d,e168bc4f-4281-4727-b5aa-934e2c538410,87139,Lake Scott,MN
da07bb05-da52-4175-99eb-f767c1d164a8,b40242a9-d5ec-4aba-9db7-8031cb0b4878,66207,Hansonburgh,LA
a66a25be-a37c-4e40-9492-41176a12e45b,bdd88d65-ab18-4c24-830d-96e00b770efb,50026,North Amanda,CT
33f69f85-4446-4f6a-8577-ad2f70d34234,8743a660-920f-4065-bf9b-3e5b84b6e689,84531,Oliverborough,WA
1b652302-0c3f-4832-9eb3-b6c1ad70bf30,3fc77869-7720-4b05-9ac0-40da3626727d,91399,Davisborough,TN
f45a7ef9-6ca4-43bf-9aec-03b3ff745b49,8b03e9c2-8e55-4b4b-9391-542437321048,17894,Quinnville,NE
bee4ee00-939a-4019-bec0-70921a735090,859ddbd7-fe54-4350-aa28-8ab60b0abe6f,89905,New Paulside,KS
9d518a8f-583b-440b-9d08-6b3ba1f333de,0437b93e-bf18-4fa1-9416-632799a7aa60,23006,South Sheila,MD
5b7832e3-7860-4bbc-9410-c586a07d5d15,b5f4bccb-bf27-4556-aac8-4242565cf667,37235,North Ronald,SC
22ffa443-1712-46b1-8192-1b208de2bba5,deed9576-f138-4bc3-9659-436c25649200,91987,Robinsonland,NY
b2ea3c86-6481-4b31-a335-60d06b80493e,2d3cb3d4-be2e-4fdd-b096-6c7ac16fec84,37659,Jonesside,GU
eb1fd427-970d-473c-ac3c-b0581b285f8a,1443c366-afcb-4106-a599-d4432266d801,44687,South Cody,CO
5ec6f171-05a3-4eac-9125-d87c2be82459,d5cda0f8-e7e9-49a9-8e32-b0cdbbef90f7,96563,Crystalchester,DE
624aec17-5ea0-4a79-ba16-cdbbcf8eef58,34773269-9126-4afc-b8a6-a5a93510c507,20641,Johnsonside,FL
25731ce3-8609-4269-949b-960920e0d295,161c5440-02c3-4d39-935d-cde01b404f7a,30585,Isabellafurt,CT
4c47d021-eccf-4278-9c0e-99f39633f397,ff53f1e8-3f2e-41f0-9943-e39fe6000eac,41439,Williamsonberg,ND
9b351e0a-0a67-4442-b6c8-dd5c2d7fe4db,7bcf740e-a50b-4580-bf4e-a76d97b6dfa2,32782,South Tammy,MS
635b417a-7c60-495f-a2b6-99b5bdea388c,14f3b7b3-2680-498f-92e3-fcd1ecaffd02,82350,South Spencer,ME
dd27db23-c092-45a0-a1dc-95e6ece49b04,7a56f3cb-c31c-4375-a7dd-9d755fecf263,19838,Sandraport,GU
1f1ed780-504c-414f-a92d-363a3dc461d1,a3ccd1b7-fc53-4fcd-a779-573c2b20353e,30517,South Bryanside,OK
8da05c90-347d-471f-b1c4-4eaf0594603c,e499594c-9b09-433e-96ed-65414c0953d4,10350,East Jessica,HI
ffb9ebbd-6032-490b-82c7-dbe375cb8047,0aae183e-7b79-401f-87e9-760e01194e21,63545,New David,AS
def54297-3a9f-4629-8289-f63d07de3c60,72320250-3d9a-4ea3-8219-05ba73261119,69048,East Shane,PR
5d73d571-831a-4393-8b33-c476c8494edd,a47e1eaa-9e60-4bfa-adc3-4ed5a21acb3a,87832,Lake Vanessaland,GU
a5c188cf-c79f-473c-96c5-406ce828c778,4069b2bf-a59e-4e19-aa70-5ea32d1644d9,71592,North Adrianberg,NE
e2c9c4c6-e37d-488d-b44c-b0f2307f718b,8eddc017-a9c5-43db-bba2-6145be22b599,48175,South Richard,AL
7733f479-befa-475b-8c93-3a9f17f278f9,ea48226b-6c41-4470-b405-5ddb53ac210a,14278,Kristabury,NV
bf62fe4b-15bd-4e3c-a18f-171fddde2788,164e55e8-1623-49bf-84b5-26df65eb2425,40340,West Jerryfurt,ME
2577d5af-190b-4089-a29c-bd4aac06b62c,9733f552-b8e3-47e2-a4f5-a311888c3c43,47762,North Laurafort,AK
50692b54-d764-4aff-8c16-45b3f61ade2b,6b19b1dd-e4d6-4fb4-8671-ee7a668c8e00,47056,New Benjaminborough,HI
c4a1764a-888c-48c8-a4ac-41c6b6f7ee7e,09eb7e88-fcb7-402d-9f11-ce48bb521eb6,69510,Michelleburgh,PA
11b5b2dd-2fda-42cc-943e-74af138e67a4,603927a5-b5a3-4394-8c8f-c6a541bd9b9d,19329,Bradleyborough,PW
b8d438e2-d86b-4f32-8be2-5ed2a938e2e1,f81f53de-8456-490e-92c0-aa6363eba55c,40595,Dianefurt,HI
94018516-82b4-424d-bdb4-dcc7d9a456f7,307b73aa-c78c-4a5e-8b39-ddda8e2dfdf7,44675,South Henrytown,ID
fb0f9e86-d5f4-43ab-8e19-33cfe7f83ebd,9ad8ff7b-2e7b-4ed1-be70-6e8367440170,91927,Port Timothyberg,MH
f6260e8a-746f-48ea-8b30-0e86591829c1,fbfbf8c1-7484-4862-859b-a2689a99c38f,87304,Allenport,PA
50c62228-1be4-42f6-8a2f-13a84f7dcbe2,8132e611-548d-42ec-ada3-40adf3b9ee07,96662,Ellisbury,SD
11454025-ccd8-4cf6-96aa-e89ae9dea9e9,b58c5b81-4065-4e52-a905-eaf5c0e5a526,35928,Grahamton,ID
98c10aca-01ee-4378-9094-6e039bbff79f,2cdbaa41-cc46-4741-9829-8563dd65cf14,65723,Santiagofurt,OH
85cabb7f-a521-4feb-95cb-9e1441136b22,bbb126ac-eef1-417e-8413-513d6a5c8422,25043,Englishstad,NJ
c3653fe4-d17f-40ac-9f2f-10f6ca0a8a1f,a9874c6b-a839-4f29-9d4b-30c579d7306c,81376,North Jamesmouth,SD
68f19b86-adcf-4f35-bc07-3e442a0ada47,0692207b-3928-4a2f-9ed3-2baee48a9e3f,39466,East Jeffreyview,MI
f474c7a5-6495-4922-b9af-098214c3ac0a,0932b420-bb91-48e6-b57e-2da415ced7aa,94886,South Donaldbury,PR
a17b7646-cbdb-4e23-a3d4-ab5b5cba54b2,40f81024-caec-4e56-b02e-a184fa507fd7,29528,Mooreborough,CA
846b1d6c-a9c5-4234-9b5a-e597c934387f,a0465bea-9f52-4d01-a9a7-be60c79a14a1,44816,West Sara,PR
90f98e6a-8d0c-4f80-a818-21998b002ed4,fd71234e-a417-46fc-9961-81cf0fc69fae,28643,Samanthaton,OH
9fafd031-9132-4bad-be4e-f9e0c08ca98f,f4cb0012-93f0-40bc-b03b-156859678c2d,19359,Joshuaborough,NE
484ed8b9-1659-4338-9a0b-5f84c787fe62,02d147d6-0f27-4e6a-a15e-c60e13b8e16a,17816,Perkinsport,NY
79ca3ab2-00a9-4b57-a37e-08f916d4f880,1bc16e57-d3b8-465d-b25e-d5894538bf2e,31747,East Kerri,MS
7c34934c-1030-4650-8827-a473b604cdfa,9a931c91-ac64-4c42-bfae-4c61af96d3d4,50319,Chrisland,DE
4399faf7-a73e-4e96-9ca4-65726b7c1908,82c62a1e-5539-42d6-8fc7-81fea6ab735e,87993,Patelhaven,GA
330e82e6-2560-412a-b383-2c5f79815f96,de660301-3450-4328-9eae-c75638ec70bd,84607,West Kathrynton,NJ
361765d6-d722-4db9-afe2-7eec4c1ab62d,14b96e21-8623-439e-ae83-a3c8441bd26f,47828,Hernandezside,WA
d4881212-de54-48da-b7c1-6c272d79acf0,bcbc4fec-a3fc-427d-864e-2eb807b9c3b7,67560,Stevenview,PR
ffede9bd-1412-4ca6-b151-c28f3ce142d7,39556fb6-e42b-4daf-8b45-7dda81e7dd2a,26299,Port Maryfurt,CO
013ba4fe-8092-4250-b18a-2e357e356575,1ddf0408-5f01-4035-8252-62d34231e283,71433,Bryanstad,VI
1671635c-c7ac-4784-b1f0-5c9fc2fdee81,15f9cc83-e3ef-47a0-befd-38ac9c8a4c7e,49857,Michaelchester,SD
4ea99b61-2ad8-4271-a63d-c0ea0d729d35,54b099a5-139d-49e7-b7c4-37d508f99277,62757,West Tamara,KY
eab33d94-258b-4d89-bcbb-32615055f31f,a9b846bf-4f6e-43a8-8799-185a60117c42,45683,Alvareztown,IL
d5dc7698-cd20-4dce-bcb5-27a424e5d1d1,7e347ca4-2b0e-4f0d-8038-160117ae2830,75597,North Lisabury,SD
8b0cbec1-90a1-4910-8a93-93ffcc3094af,80838b88-4e84-4d73-af74-70d20c0a3197,80776,Richardshire,NE
79118717-5985-4456-8c54-4d4ee9e92e3f,41581392-1cda-4b30-ba64-84efc7593073,74722,Bettyview,PR
4e549a5b-d3df-4b9c-a5c5-f6a645293e5e,3b7fc01f-03b4-44bd-bd36-34eaa5538d24,67377,New Robertshire,VI
d3ca9090-254a-4f8c-8bad-4cc13a3a1f65,9929d3db-ec65-4a5b-ade0-c3bb4234aad8,20543,Port Jacob,MD
eb7b198a-d2fe-4a76-82d6-29908c66d277,f41974a5-f824-4524-94ef-e14a27be8420,88385,North Derrickside,NM
be4707b7-ac81-496d-bcc8-377b088609ca,f2dedbdf-17c6-4839-9ace-33e74732059c,15224,North Christina,MT
2f98ba47-f800-4b7e-8d1e-2cc5b70cd6f2,fda52b6f-b85c-4dab-bd15-e8ba6a23032c,66626,East Mitchell,VA
6e9b2a35-bc8b-46b7-abae-51c0a8a2c473,2d3f1b87-edcc-46b3-8624-47cb40f58a5d,52247,Conwayborough,OK
cc16b1ec-e630-4364-a0f4-2d35412d3053,af82f63e-d2a8-416c-b4f2-ed470406aae0,89129,West Michelle,NE
24140c7b-f5a6-4b30-aee4-b9f3248de72e,1d652576-66be-40ea-8f36-27f2a2f086ae,42816,East Donaldberg,VT
6ea24acc-dfc3-44b2-945f-27eeca76ebd3,cd2ab838-de00-4006-b0cf-d6a696496d5f,13390,Thomaschester,WV
705abf81-69f8-41ac-af46-0513b6d0baf5,3194eb7f-5579-45fd-a2d4-592039faed78,21970,New Wendy,MN
202bb472-9eb5-4acf-98eb-4a482a575388,38189c13-c6cf-4b06-b1c9-72bf38b57e31,40005,Kristinborough,ID
66fe2d29-e707-4701-984b-85ab2f27736d,e4f6d2ac-db06-43e9-a53a-6b9dc4eb8edc,98381,Ellenberg,KY
a4b03cfc-28f4-4672-b1d7-54d1890dfa95,cdf4b014-c6b1-4838-a0f1-ab4be1e1af7e,85392,North Aaron,WY
bfbdfc40-abc6-4d5a-a507-b8de38fcfc9b,5689521a-86a8-4ec9-a036-cae56f6ee98d,86955,Stevenshire,VI
632cfdda-a064-4a80-bd21-fce8f62f6fe7,f09ff9cc-2d0d-46ee-9c15-ada7c8c83be9,12719,Paulmouth,MA
b19f3e80-9f9b-485f-9692-844665905885,334b27ce-30a5-4449-9f0b-8eaa925ab94f,98117,Rangelberg,FM
